episode,reward,avg50,steps,done_reason,epsilon,loss
1,-537.051,-537.051,1858,collision,0.9930,0.00198
2,-515.622,-526.336,2676,collision,0.9860,0.04224
3,-1217.994,-756.889,3926,collision,0.9791,0.06940
4,-1163.885,-858.638,4784,collision,0.9723,0.15115
5,242.940,-638.322,231,goal,0.9655,0.54527
6,-144.698,-556.052,247,collision,0.9587,5.28282
7,-303.425,-519.962,6500,timeout,0.9520,2.58161
8,-607.902,-530.955,2166,collision,0.9454,2.19217
9,239.034,-445.400,248,goal,0.9387,3.34412
10,-281.982,-429.058,6500,timeout,0.9322,3.22799
11,-427.164,-428.886,1096,collision,0.9256,4.68938
12,-293.920,-417.639,2128,collision,0.9192,2.93540
13,-851.995,-451.051,6231,collision,0.9127,3.32468
14,-248.117,-436.556,4836,collision,0.9063,2.74300
15,248.110,-390.911,226,goal,0.9000,1.78469
16,-397.308,-391.311,4384,collision,0.8937,3.26411
17,-752.435,-412.554,2977,collision,0.8874,3.51689
18,-124.999,-396.578,2062,collision,0.8812,3.28580
19,-453.017,-399.549,3316,collision,0.8751,2.86184
20,354.921,-361.825,1480,goal,0.8689,2.78150
21,-255.700,-356.772,5028,collision,0.8628,2.29086
22,-83.875,-344.367,1730,collision,0.8568,3.96537
23,-165.737,-336.601,570,collision,0.8508,3.14090
24,-237.214,-332.460,6500,timeout,0.8449,4.01502
25,325.213,-306.153,602,goal,0.8389,3.20493
26,-104.543,-298.399,6500,timeout,0.8331,3.44513
27,348.816,-274.428,682,goal,0.8272,1.80407
28,245.981,-255.842,206,goal,0.8214,5.37166
29,245.470,-238.555,1496,goal,0.8157,4.11949
30,-18.791,-231.230,2623,collision,0.8100,3.26453
31,264.430,-215.241,308,goal,0.8043,7.14353
32,367.312,-197.036,1489,goal,0.7987,4.34362
33,424.646,-178.197,1500,goal,0.7931,4.00029
34,-13.821,-173.362,6500,timeout,0.7875,4.63438
35,-178.500,-173.509,6500,timeout,0.7820,3.92312
36,407.162,-157.379,2270,goal,0.7766,4.36979
37,31.050,-152.287,1620,collision,0.7711,3.83538
38,327.970,-139.648,1373,goal,0.7657,5.98978
39,329.989,-127.606,1628,goal,0.7604,6.03552
40,211.372,-119.132,3882,goal,0.7550,4.71656
41,-434.807,-126.831,993,collision,0.7498,4.77609
42,229.097,-118.357,364,goal,0.7445,8.73760
43,-19.772,-116.064,300,collision,0.7393,1.20281
44,427.948,-103.700,1761,goal,0.7341,6.52144
45,503.077,-90.216,1184,goal,0.7290,3.75228
46,-163.485,-91.809,304,collision,0.7239,3.62547
47,-31.732,-90.531,1320,stuck,0.7188,8.63137
48,-332.079,-95.563,1251,collision,0.7138,9.28544
49,388.162,-85.691,874,goal,0.7088,4.82520
50,530.555,-73.366,1172,goal,0.7038,5.63288
51,154.311,-59.539,950,collision,0.6989,5.00318
52,322.250,-42.782,570,goal,0.6940,7.54836
53,52.395,-17.374,1034,stuck,0.6891,9.18436
54,530.866,16.521,1667,goal,0.6843,7.44916
55,-135.086,8.961,721,collision,0.6795,5.45278
56,-1071.196,-9.569,1044,stuck,0.6748,8.54735
57,530.719,7.114,1425,goal,0.6700,6.30297
58,298.647,25.245,590,goal,0.6654,7.44405
59,128.018,23.024,1957,goal,0.6607,7.90553
60,484.351,38.351,1301,goal,0.6561,10.03947
61,515.207,57.198,1192,goal,0.6515,9.30334
62,344.525,69.967,784,goal,0.6469,10.11672
63,357.452,94.156,553,goal,0.6424,11.93696
64,232.982,103.778,550,goal,0.6379,11.04807
65,413.903,107.094,988,goal,0.6334,11.18703
66,-291.319,109.214,1082,collision,0.6290,10.73448
67,47.836,125.219,470,collision,0.6246,7.48075
68,16.489,128.049,236,collision,0.6202,16.78628
69,-172.724,133.655,979,stuck,0.6159,8.51327
70,299.188,132.540,914,goal,0.6116,11.38879
71,421.180,146.078,2179,goal,0.6073,11.71780
72,255.674,152.869,273,goal,0.6030,10.70359
73,410.237,164.388,1064,goal,0.5988,8.85161
74,-271.846,163.696,586,collision,0.5946,8.31162
75,622.091,169.633,1795,goal,0.5905,11.90948
76,312.363,177.971,578,goal,0.5863,11.59776
77,544.357,181.882,2247,goal,0.5822,11.14680
78,-158.962,173.783,863,collision,0.5782,10.89461
79,-95.532,166.963,340,collision,0.5741,13.25433
80,531.996,177.979,1260,goal,0.5701,12.90775
81,324.221,179.175,567,goal,0.5661,11.41186
82,592.756,183.684,1966,goal,0.5621,10.80662
83,380.570,182.802,685,goal,0.5582,10.88818
84,-33.816,182.402,502,collision,0.5543,11.00437
85,-109.025,183.792,228,collision,0.5504,6.78786
86,-20.000,175.248,1,collision,0.5466,1.07506
87,518.932,185.006,1392,goal,0.5427,12.29977
88,2.600,178.499,992,stuck,0.5389,13.15980
89,135.219,174.603,1225,stuck,0.5352,11.22996
90,239.121,175.158,152,goal,0.5314,10.55233
91,85.770,185.570,1115,stuck,0.5277,11.54352
92,-1317.350,154.641,2779,collision,0.5240,11.28638
93,563.507,166.306,1397,goal,0.5203,12.50384
94,705.854,171.865,2111,goal,0.5167,10.95858
95,-126.132,159.280,1642,stuck,0.5131,13.97176
96,-32.487,161.900,1939,stuck,0.5095,13.25955
97,219.603,166.927,2444,collision,0.5059,12.74697
98,-649.710,160.574,3472,stuck,0.5024,11.40400
99,257.469,157.961,403,goal,0.4989,12.31888
100,56.529,148.480,969,stuck,0.4954,13.61957
101,-378.262,137.829,1526,stuck,0.4919,12.51451
102,128.943,133.962,1818,stuck,0.4885,13.13603
103,33.308,133.581,1217,stuck,0.4850,11.48250
104,-122.265,120.518,780,stuck,0.4816,12.21077
105,84.335,124.907,1117,stuck,0.4783,11.51267
106,-473.014,136.870,969,stuck,0.4749,12.47850
107,570.284,137.661,1880,goal,0.4716,12.49511
108,-171.237,128.264,1456,stuck,0.4683,11.51148
109,-42.998,124.843,808,stuck,0.4650,10.08823
110,-409.063,106.975,1685,stuck,0.4618,13.71817
111,19.320,97.057,1112,stuck,0.4585,10.65391
112,752.049,105.208,2086,goal,0.4553,13.52176
113,285.820,103.775,622,goal,0.4521,10.58908
114,150.115,102.118,2131,stuck,0.4490,13.76281
115,467.425,103.188,3218,goal,0.4458,13.49667
116,-218.868,104.637,1225,stuck,0.4427,14.46284
117,-416.002,95.361,903,stuck,0.4396,13.53665
118,-646.619,82.098,741,stuck,0.4365,13.52678
119,-215.140,81.250,1200,collision,0.4335,13.58064
120,-43.992,74.387,771,stuck,0.4304,16.18316
121,79.961,67.562,2014,stuck,0.4274,14.90219
122,34.719,63.143,1260,collision,0.4244,13.19455
123,-634.775,42.243,782,stuck,0.4215,12.80397
124,17.541,48.031,1144,stuck,0.4185,13.66594
125,-231.001,30.969,839,stuck,0.4156,14.65972
126,-865.725,7.407,793,stuck,0.4127,16.09729
127,73.177,-2.017,866,collision,0.4098,16.97564
128,-481.606,-8.469,1206,stuck,0.4069,15.85735
129,24.272,-6.073,1046,stuck,0.4041,17.59112
130,-357.150,-23.856,1403,stuck,0.4012,19.73703
131,-97.652,-32.294,927,stuck,0.3984,15.69907
132,-593.379,-56.016,1585,stuck,0.3956,15.10077
133,-16.478,-63.957,673,stuck,0.3929,15.61484
134,-580.056,-74.882,1278,stuck,0.3901,19.77336
135,44.865,-71.804,1385,stuck,0.3874,27.65135
136,-5.301,-71.510,851,stuck,0.3847,21.62948
137,-44.619,-82.781,1546,stuck,0.3820,20.09094
138,-132.134,-85.476,1787,stuck,0.3793,19.32338
139,125.457,-85.671,2487,stuck,0.3767,21.22197
140,-60.300,-91.660,728,stuck,0.3740,26.07112
141,-57.482,-94.525,1000,stuck,0.3714,18.49338
142,611.974,-55.938,1223,goal,0.3688,17.68378
143,-10.979,-67.428,873,stuck,0.3662,23.12097
144,-50.604,-82.557,1607,stuck,0.3637,20.54688
145,84.936,-78.336,1086,stuck,0.3611,20.73385
146,-30.137,-78.289,893,stuck,0.3586,17.42016
147,-69.005,-84.061,964,stuck,0.3561,25.86467
148,580.932,-59.448,1398,goal,0.3536,22.33883
149,548.372,-53.630,1141,goal,0.3511,20.70260
150,17.587,-54.409,744,stuck,0.3486,22.23783
151,242.561,-41.993,1446,stuck,0.3462,17.19141
152,-1.348,-44.598,1118,stuck,0.3438,14.92964
153,655.062,-32.163,1494,goal,0.3414,16.36657
154,303.100,-23.656,1216,goal,0.3390,16.52759
155,268.382,-19.975,1868,goal,0.3366,16.97236
156,75.800,-8.999,1078,stuck,0.3343,18.23042
157,39.028,-19.624,1103,stuck,0.3319,16.96320
158,22.483,-15.750,2361,stuck,0.3296,15.78550
159,568.035,-3.529,1499,goal,0.3273,15.20229
160,-497.246,-5.293,1094,stuck,0.3250,15.25367
161,-601.922,-17.717,943,stuck,0.3227,17.53524
162,-280.365,-38.366,1140,stuck,0.3205,14.60182
163,-20.124,-44.485,942,stuck,0.3182,15.74703
164,198.433,-43.518,1812,stuck,0.3160,14.26076
165,-28.576,-53.438,899,stuck,0.3138,14.14916
166,296.087,-43.139,1505,goal,0.3116,12.71413
167,416.499,-26.489,3349,collision,0.3094,13.66774
168,-37.714,-14.311,2484,stuck,0.3072,11.71758
169,-1714.877,-44.306,4676,stuck,0.3051,11.11972
170,-245.481,-48.335,1599,stuck,0.3030,12.95811
171,41.573,-49.103,388,collision,0.3008,11.75307
172,131.113,-47.175,1402,stuck,0.2987,11.89959
173,419.753,-26.085,3366,stuck,0.2966,10.77234
174,433.730,-17.761,1629,collision,0.2946,10.79237
175,-39.743,-13.936,533,collision,0.2925,7.23389
176,28.701,3.953,242,collision,0.2904,7.12756
177,194.709,6.383,1678,stuck,0.2884,11.61384
178,858.315,33.182,2760,goal,0.2864,13.09065
179,448.424,41.665,1162,goal,0.2844,13.60720
180,72.696,50.262,1402,stuck,0.2824,10.25896
181,716.685,66.548,1996,goal,0.2804,9.95760
182,523.706,88.890,3652,stuck,0.2785,12.00822
183,465.300,98.526,1156,goal,0.2765,12.31378
184,-54.052,109.046,1299,stuck,0.2746,8.07709
185,-45.742,107.234,600,stuck,0.2727,8.14912
186,-108.103,105.178,756,stuck,0.2707,13.50954
187,-163.158,102.807,1692,stuck,0.2688,10.31955
188,60.757,106.665,555,collision,0.2670,13.34092
189,-19.279,103.770,899,stuck,0.2651,12.33733
190,173.453,108.445,1006,collision,0.2632,11.45660
191,-365.196,102.291,1032,stuck,0.2614,9.90547
192,220.101,94.453,971,collision,0.2596,10.61821
193,192.965,98.532,3971,goal,0.2578,9.19133
194,708.767,113.720,6500,timeout,0.2559,11.46342
195,46.445,112.950,1319,stuck,0.2542,11.33196
196,155.763,116.668,1253,stuck,0.2524,8.18864
197,873.487,135.518,2319,goal,0.2506,9.06566
198,75.390,125.407,3135,stuck,0.2489,9.43209
199,692.769,128.295,2463,goal,0.2471,9.21688
200,-569.518,116.553,1555,stuck,0.2454,7.77142
201,743.663,126.575,4288,collision,0.2437,8.39087
202,295.127,132.504,1675,stuck,0.2420,7.43534
203,121.170,121.826,1880,stuck,0.2403,8.72741
204,828.180,132.328,5462,goal,0.2386,7.40225
205,531.342,137.587,1794,collision,0.2369,7.16397
206,353.832,143.148,555,goal,0.2353,6.73147
207,538.996,153.147,2434,stuck,0.2336,7.24043
208,274.000,158.177,1717,stuck,0.2320,8.47281
209,345.725,153.731,956,goal,0.2304,8.93574
210,146.885,166.614,609,collision,0.2287,8.40520
211,551.692,189.686,1135,goal,0.2271,7.13282
212,1161.170,218.517,3329,goal,0.2255,8.37287
213,6.635,219.052,374,collision,0.2240,7.95550
214,75.242,216.588,414,collision,0.2224,8.30054
215,603.759,229.235,1289,goal,0.2208,5.79994
216,359.421,230.501,2129,stuck,0.2193,6.53245
217,113.453,224.441,526,collision,0.2178,5.85727
218,519.340,235.582,2720,stuck,0.2162,5.92351
219,957.087,289.021,2727,goal,0.2147,5.83514
220,995.225,313.835,2395,goal,0.2132,5.98145
221,495.920,322.922,989,goal,0.2117,5.98041
222,-42.261,319.455,926,stuck,0.2102,5.45351
223,-218.747,306.685,2032,stuck,0.2088,4.88244
224,456.167,307.133,841,goal,0.2073,5.72798
225,378.456,315.497,1890,stuck,0.2059,7.88916
226,-41.366,314.096,801,collision,0.2044,7.31487
227,47.946,311.161,2877,stuck,0.2030,5.08691
228,506.941,304.133,2157,stuck,0.2016,6.42575
229,294.031,301.045,1003,collision,0.2002,5.86014
230,509.952,309.790,1808,collision,0.1988,4.69972
231,-79.115,293.874,1092,stuck,0.1974,5.60612
232,458.396,292.568,2174,stuck,0.1960,5.84736
233,454.847,292.359,2967,goal,0.1946,6.16790
234,748.720,308.415,2818,stuck,0.1933,5.51270
235,113.471,311.599,1161,stuck,0.1919,6.81066
236,394.221,321.645,557,goal,0.1906,5.34170
237,1097.978,346.868,2509,goal,0.1892,3.95183
238,988.417,365.421,2321,goal,0.1879,5.48721
239,558.454,376.976,1080,goal,0.1866,9.28433
240,10.955,373.726,1790,stuck,0.1853,5.48171
241,12.299,381.276,1426,stuck,0.1840,6.00754
242,1132.851,399.531,3387,goal,0.1827,4.77946
243,-473.092,386.210,966,stuck,0.1814,7.09653
244,702.444,386.083,1622,goal,0.1801,5.55888
245,312.302,391.400,1191,collision,0.1789,5.44922
246,333.907,394.963,1605,stuck,0.1776,5.12709
247,728.040,392.054,1753,goal,0.1764,6.48403
248,206.700,394.681,1635,collision,0.1752,5.77547
249,1140.767,403.641,2799,goal,0.1739,5.57301
250,1186.387,438.759,4405,goal,0.1727,5.55773
251,1115.671,446.199,2874,goal,0.1715,5.24307
252,611.173,452.520,1182,goal,0.1703,5.96545
253,-35.270,449.391,167,collision,0.1691,3.53546
254,837.559,449.578,1946,goal,0.1679,6.25332
255,239.686,443.745,1413,stuck,0.1667,6.21830
256,1528.301,467.235,3867,goal,0.1656,5.99322
257,831.433,473.083,1813,goal,0.1644,6.56748
258,41.481,468.433,491,collision,0.1633,6.88820
259,-862.176,444.275,1018,collision,0.1621,4.76495
260,-1425.397,412.829,1124,stuck,0.1610,5.58774
261,95.005,403.696,673,collision,0.1599,7.36443
262,778.406,396.040,1790,goal,0.1587,6.80294
263,79.275,397.493,757,collision,0.1576,6.69455
264,-169.556,392.597,2098,stuck,0.1565,4.67759
265,444.630,389.415,1359,collision,0.1554,6.12423
266,611.789,394.462,2391,collision,0.1543,6.71737
267,-602.050,380.152,918,stuck,0.1533,4.75348
268,366.079,377.087,2771,stuck,0.1522,4.93549
269,952.504,376.995,2218,goal,0.1511,5.32489
270,390.287,364.896,2519,stuck,0.1501,7.51588
271,670.696,368.392,3170,stuck,0.1490,5.47262
272,499.153,379.220,1555,collision,0.1480,6.91125
273,337.487,390.345,446,goal,0.1469,12.14745
274,541.250,392.047,1029,goal,0.1459,6.25493
275,64.059,385.759,1494,collision,0.1449,7.25839
276,783.723,402.260,1754,goal,0.1439,4.91763
277,771.490,416.731,1538,goal,0.1429,5.54279
278,1483.140,436.255,3929,goal,0.1419,5.86831
279,680.254,443.980,1668,goal,0.1409,5.29162
280,506.994,443.921,2061,stuck,0.1399,7.38890
281,90.934,447.321,1020,stuck,0.1389,5.68206
282,-20.000,437.754,1,collision,0.1379,0.16369
283,701.826,442.693,1452,goal,0.1370,4.90255
284,529.953,438.318,994,goal,0.1360,6.66956
285,782.883,451.706,1760,goal,0.1351,6.80679
286,566.028,455.142,1957,collision,0.1341,5.86385
287,1011.416,453.411,2263,goal,0.1332,9.17596
288,280.081,439.244,1615,stuck,0.1322,4.93832
289,313.784,434.351,1262,collision,0.1313,8.14221
290,106.172,436.255,1065,stuck,0.1304,5.33484
291,436.854,444.746,2306,stuck,0.1295,6.16577
292,163.688,425.363,1257,stuck,0.1286,5.14143
293,508.120,444.987,2646,stuck,0.1277,6.16810
294,506.492,441.068,902,goal,0.1268,4.85216
295,1145.458,457.731,2749,goal,0.1259,5.49900
296,86.354,452.780,1355,stuck,0.1250,5.99008
297,1042.198,459.063,2410,goal,0.1241,7.46064
298,102.934,456.988,1826,stuck,0.1233,6.76803
299,154.463,437.262,812,collision,0.1224,4.94295
300,457.511,422.685,1126,goal,0.1216,4.96981
301,481.059,409.992,972,goal,0.1207,5.39256
302,268.757,403.144,1529,stuck,0.1199,5.64937
303,856.089,420.971,3212,stuck,0.1190,6.28461
304,410.241,412.425,669,goal,0.1182,9.48328
305,-1.151,407.608,177,collision,0.1174,11.66806
306,11.054,377.263,873,stuck,0.1165,9.16356
307,755.731,375.749,2235,goal,0.1157,6.49746
308,785.098,390.621,1867,goal,0.1149,7.72664
309,481.257,417.490,818,goal,0.1141,8.22121
310,1001.678,466.032,2205,goal,0.1133,7.50639
311,612.496,476.381,2808,stuck,0.1125,6.88977
312,1102.397,482.861,4685,stuck,0.1117,7.98365
313,647.369,494.223,1301,goal,0.1109,6.88314
314,867.298,514.960,3798,stuck,0.1102,7.99892
315,90.965,507.887,430,collision,0.1094,7.26780
316,1508.740,525.826,4698,goal,0.1086,7.56787
317,1415.483,566.177,3522,goal,0.1079,8.20989
318,258.246,564.020,1846,collision,0.1071,7.43684
319,680.586,558.582,1564,goal,0.1064,6.86900
320,420.827,559.192,3102,stuck,0.1056,7.23239
321,-1126.220,523.254,1109,stuck,0.1049,6.71451
322,216.135,517.594,1740,stuck,0.1041,8.39386
323,532.473,521.493,2317,stuck,0.1034,6.79335
324,22.524,511.119,1173,stuck,0.1027,7.55539
325,39.757,510.633,246,collision,0.1020,8.49820
326,951.065,513.980,2461,goal,0.1013,5.52310
327,319.199,504.934,383,goal,0.1006,4.21276
328,-96.237,473.346,2833,stuck,0.0999,7.72127
329,597.579,471.693,1084,goal,0.0992,6.82336
330,672.126,474.995,1306,goal,0.0985,6.48940
331,129.782,475.772,893,collision,0.0978,4.44504
332,267.714,481.527,3541,stuck,0.0971,6.41264
333,-371.274,460.065,1670,stuck,0.0964,6.61573
334,212.469,453.715,1232,stuck,0.0957,5.27640
335,411.127,446.280,651,goal,0.0951,5.75283
336,316.761,441.295,379,goal,0.0944,6.05437
337,212.658,425.319,1659,stuck,0.0937,6.66631
338,254.740,424.813,1237,collision,0.0931,5.57872
339,1305.863,444.654,3253,goal,0.0924,7.19234
340,395.691,450.445,987,goal,0.0918,6.10641
341,853.033,458.768,3191,stuck,0.0911,7.80315
342,1007.610,475.647,2757,goal,0.0905,6.99610
343,967.270,484.830,2197,goal,0.0899,8.37025
344,541.157,485.523,2210,stuck,0.0892,6.42837
345,8.821,462.790,389,collision,0.0886,5.08887
346,847.007,478.003,4343,stuck,0.0880,6.50271
347,453.144,466.222,841,goal,0.0874,8.07670
348,1012.161,484.407,2385,goal,0.0868,6.68397
349,315.978,487.637,716,goal,0.0862,6.29243
350,390.638,486.300,1909,collision,0.0856,7.22421
351,951.164,495.702,5103,stuck,0.0850,6.18958
352,590.017,502.127,1213,goal,0.0844,6.54339
353,1571.905,516.443,5542,goal,0.0838,6.22052
354,396.653,516.171,1561,rollover,0.0832,5.39281
355,869.917,533.593,3085,stuck,0.0826,7.95759
356,63.218,534.636,1056,stuck,0.0820,7.24655
357,782.836,535.178,2363,collision,0.0814,8.54049
358,19.975,519.876,3408,stuck,0.0809,7.77402
359,851.008,527.271,2846,goal,0.0803,5.64489
360,77.885,508.795,577,collision,0.0797,6.05395
361,1334.300,523.231,4684,goal,0.0792,6.71916
362,1162.295,524.429,2865,goal,0.0786,5.85533
363,1021.734,531.916,2244,goal,0.0781,7.17194
364,242.343,519.417,2441,stuck,0.0775,6.87249
365,378.335,525.164,698,goal,0.0770,4.60344
366,1107.403,517.138,2728,goal,0.0765,6.40575
367,120.967,491.247,1478,stuck,0.0759,7.87231
368,774.884,501.580,1877,goal,0.0754,6.22483
369,821.912,504.407,1745,goal,0.0749,7.15727
370,1168.200,519.354,2857,goal,0.0743,6.37272
371,147.169,544.822,1215,stuck,0.0738,9.42014
372,711.107,554.721,1482,goal,0.0733,5.50798
373,1210.757,568.287,4472,stuck,0.0728,7.58496
374,625.808,580.353,1434,goal,0.0723,8.17344
375,1165.431,602.866,3256,goal,0.0718,7.99356
376,506.788,593.981,3138,stuck,0.0713,7.04398
377,1078.769,609.172,2693,goal,0.0708,7.46372
378,-100.669,609.083,1956,collision,0.0703,6.52435
379,1108.420,619.300,2646,goal,0.0698,6.55948
380,643.119,618.720,1278,goal,0.0693,4.86497
381,1208.498,640.294,4397,stuck,0.0688,7.56127
382,1151.637,657.973,2847,goal,0.0683,6.33480
383,524.880,675.896,2331,stuck,0.0679,6.41079
384,517.221,681.991,2014,collision,0.0674,7.10392
385,948.048,692.729,2139,goal,0.0669,6.49990
386,1482.123,716.037,3540,goal,0.0664,5.86049
387,699.329,725.770,1734,goal,0.0660,9.21366
388,810.168,736.879,3357,stuck,0.0655,7.27802
389,665.781,724.077,1292,goal,0.0651,6.99039
390,853.513,733.233,1934,goal,0.0646,6.92678
391,590.043,727.974,1159,goal,0.0641,11.92684
392,86.978,709.561,2121,stuck,0.0637,6.08333
393,1407.823,718.372,3444,goal,0.0632,7.51697
394,677.974,721.108,2801,stuck,0.0628,4.90653
395,638.141,733.695,3722,collision,0.0624,8.00325
396,106.266,718.880,1166,collision,0.0619,7.46209
397,374.312,717.303,3556,stuck,0.0615,5.98057
398,354.096,704.142,2520,goal,0.0611,7.02999
399,-9.860,697.625,137,collision,0.0606,7.31659
400,1057.110,710.955,2846,goal,0.0602,7.01326
401,480.455,701.540,2002,collision,0.0598,5.17991
402,628.959,702.319,1203,goal,0.0594,5.25528
403,914.226,689.166,2074,goal,0.0590,8.45678
404,333.419,687.901,594,goal,0.0585,5.37409
405,362.818,677.759,1118,collision,0.0581,6.33283
406,440.046,685.296,1166,goal,0.0577,5.19820
407,931.679,688.273,3002,collision,0.0573,6.85943
408,1196.989,711.813,2819,goal,0.0569,7.01291
409,782.515,710.443,1665,goal,0.0565,8.66170
410,783.008,724.545,3002,stuck,0.0561,6.27813
411,154.411,700.948,1024,collision,0.0557,8.32740
412,51.552,678.733,893,stuck,0.0553,5.62686
413,347.856,665.255,1242,collision,0.0550,7.07804
414,903.883,678.486,2150,goal,0.0546,9.03266
415,337.373,677.667,1683,stuck,0.0542,5.42748
416,736.557,670.250,4232,stuck,0.0538,6.33776
417,1201.873,691.868,2680,goal,0.0534,7.03835
418,565.363,687.678,3172,stuck,0.0531,6.58011
419,279.314,676.826,238,goal,0.0527,13.74050
420,-321.195,647.038,1439,stuck,0.0523,6.67703
421,-6.819,643.958,940,stuck,0.0520,6.08027
422,1335.550,656.447,3186,goal,0.0516,7.25171
423,-139.456,629.442,1946,stuck,0.0512,5.20441
424,711.395,631.154,1403,goal,0.0509,5.51545
425,710.878,622.063,1600,goal,0.0505,7.87625
426,327.713,618.482,378,goal,0.0502,10.11716
427,622.913,609.365,1417,goal,0.0498,5.70959
428,-17.734,611.023,773,stuck,0.0495,4.52385
429,402.079,596.896,1020,goal,0.0491,6.68342
430,153.041,587.095,1792,stuck,0.0488,8.87899
431,90.802,564.741,484,collision,0.0484,8.92499
432,23.891,542.186,844,stuck,0.0481,6.84285
433,-19.942,531.290,4,collision,0.0478,0.20498
434,372.061,528.386,1984,stuck,0.0474,6.91496
435,724.431,523.914,2215,collision,0.0471,5.09700
436,794.174,510.155,1828,goal,0.0468,5.52629
437,1187.047,519.909,2744,goal,0.0464,7.43295
438,1325.897,530.224,3056,goal,0.0461,6.21034
439,1129.337,539.495,3364,goal,0.0458,5.33172
440,519.532,532.815,2092,stuck,0.0455,6.70892
441,1026.622,541.547,2328,goal,0.0451,7.77045
442,-60.490,538.598,862,stuck,0.0448,8.30274
443,315.321,516.748,1081,collision,0.0445,8.76093
444,210.952,507.407,668,collision,0.0442,9.43408
445,1058.339,515.811,5186,stuck,0.0439,6.72243
446,1815.227,549.990,5588,goal,0.0436,7.70232
447,337.380,549.252,503,goal,0.0433,3.73500
448,214.913,546.468,812,collision,0.0430,4.67879
449,1159.617,569.858,2714,goal,0.0427,7.40704
450,450.688,557.729,1070,goal,0.0424,7.33700
451,510.990,558.340,2175,collision,0.0421,8.31555
452,307.720,551.915,2588,stuck,0.0418,5.94733
453,518.040,543.991,1106,goal,0.0415,6.54275
454,26.249,537.848,887,stuck,0.0412,7.07311
455,342.883,537.449,1824,stuck,0.0409,8.25488
456,485.457,538.357,1076,goal,0.0406,5.85916
457,-334.999,513.024,604,collision,0.0403,6.91293
458,-454.095,480.002,1475,stuck,0.0401,6.42550
459,1308.619,490.524,3079,goal,0.0398,8.71064
460,793.850,490.741,1928,goal,0.0395,7.51462
461,893.118,505.515,1892,goal,0.0392,11.23032
462,673.464,517.954,2938,stuck,0.0390,6.76853
463,432.181,519.640,697,goal,0.0387,9.52001
464,464.473,510.852,802,goal,0.0384,5.25088
465,88.627,505.877,1549,collision,0.0381,6.62891
466,1041.506,511.976,2365,goal,0.0379,6.11035
467,704.015,502.019,1461,goal,0.0376,5.62092
468,446.773,499.647,640,goal,0.0373,6.15892
469,948.092,513.022,2172,goal,0.0371,9.97984
470,-22.931,518.988,758,stuck,0.0368,5.43710
471,468.386,528.492,2148,stuck,0.0366,7.93188
472,1157.740,524.936,2884,goal,0.0363,8.80475
473,1499.864,557.722,3854,goal,0.0361,6.54950
474,477.354,553.041,1653,collision,0.0358,7.45811
475,1154.533,561.914,2775,goal,0.0356,6.74892
476,202.359,559.407,1309,stuck,0.0353,10.50223
477,553.847,558.026,985,goal,0.0351,7.46544
478,501.709,568.415,943,goal,0.0348,7.18361
479,686.168,574.097,1566,goal,0.0346,7.56995
480,-170.656,567.623,1708,stuck,0.0343,6.10896
481,78.752,567.382,1862,stuck,0.0341,11.08212
482,371.787,574.340,2779,stuck,0.0338,10.00721
483,625.115,587.241,1335,goal,0.0336,8.15032
484,1435.801,608.515,5181,goal,0.0334,8.16512
485,-1.341,594.000,889,stuck,0.0331,7.03482
486,374.998,585.617,1219,collision,0.0329,7.79703
487,-51.784,560.840,600,stuck,0.0327,12.51168
488,360.573,541.533,860,goal,0.0325,10.55979
489,886.304,536.673,1972,goal,0.0322,8.63777
490,1.472,526.312,687,stuck,0.0320,4.71997
491,9.113,505.961,992,stuck,0.0318,5.18618
492,46.087,508.093,1103,stuck,0.0316,6.82383
493,286.675,507.520,350,goal,0.0313,5.13271
494,374.423,510.789,516,goal,0.0311,10.16659
495,1547.524,520.573,4148,goal,0.0309,8.67249
496,473.022,493.729,786,goal,0.0307,8.88932
497,601.438,499.010,1162,goal,0.0305,6.41638
498,494.066,504.593,2125,collision,0.0303,9.07027
499,197.235,485.346,925,collision,0.0300,7.58170
500,508.020,486.492,936,goal,0.0298,9.41737
501,-159.585,473.081,1902,stuck,0.0296,9.42851
502,-569.680,455.533,3177,stuck,0.0294,9.46809
503,-1678.584,411.600,744,collision,0.0292,7.51439
504,853.260,428.140,3981,collision,0.0290,8.90428
505,70.442,422.692,589,collision,0.0288,8.30958
506,371.869,420.420,1184,collision,0.0286,7.89644
507,534.368,437.807,1856,collision,0.0284,8.26892
508,1003.557,466.960,2302,goal,0.0282,7.75046
509,1021.736,461.223,2216,goal,0.0280,7.20756
510,1318.164,471.709,3105,goal,0.0278,9.46717
511,113.133,456.109,540,collision,0.0276,9.37054
512,171.744,446.075,1154,stuck,0.0274,6.77779
513,914.805,455.727,3435,stuck,0.0272,8.91072
514,627.098,458.980,1475,goal,0.0270,4.10161
515,398.052,465.168,659,goal,0.0268,9.26474
516,508.367,454.506,1470,collision,0.0267,7.20587
517,311.822,446.662,1623,stuck,0.0265,8.80783
518,1070.256,459.131,2467,goal,0.0263,5.90957
519,216.914,444.508,788,collision,0.0261,6.52185
520,1019.281,465.352,4412,stuck,0.0259,7.55722
521,-51.304,454.958,120,collision,0.0257,6.60689
522,1067.382,453.151,2654,goal,0.0256,8.89186
523,865.136,440.457,1925,goal,0.0254,6.21392
524,-32.752,430.254,16,rollover,0.0252,25.22702
525,116.064,409.485,1009,stuck,0.0250,6.89905
526,684.017,419.118,1631,goal,0.0248,8.23394
527,1109.475,430.231,2635,goal,0.0247,9.05500
528,29.917,420.795,374,collision,0.0245,9.28255
529,1177.335,430.618,2853,goal,0.0243,7.45325
530,312.414,440.280,1040,collision,0.0242,5.86544
531,94.263,440.590,1390,stuck,0.0240,7.80669
532,725.280,447.660,1529,goal,0.0238,9.68811
533,1125.567,457.669,2974,goal,0.0237,9.62129
534,692.934,442.811,1479,goal,0.0235,10.32972
535,732.228,457.483,2937,goal,0.0233,8.75076
536,34.370,450.670,802,stuck,0.0232,8.50361
537,59.357,452.893,1168,stuck,0.0230,9.75169
538,-15.276,445.376,5,collision,0.0228,0.20774
539,237.865,432.407,181,goal,0.0227,16.34179
540,63.753,433.653,1500,collision,0.0225,7.56914
541,-262.265,428.225,1677,stuck,0.0224,10.14915
542,1139.390,450.091,2760,goal,0.0222,9.68698
543,538.681,455.132,901,goal,0.0221,10.50434
544,124.825,450.140,1133,stuck,0.0219,6.22543
545,287.009,424.929,1139,collision,0.0217,7.07022
546,-73.093,414.007,513,collision,0.0216,8.76933
547,114.517,404.269,1047,stuck,0.0214,8.96380
548,447.872,403.345,684,goal,0.0213,9.77241
549,303.043,405.461,899,collision,0.0211,8.77313
550,-152.147,392.258,381,collision,0.0210,6.03927
551,560.585,406.661,1099,goal,0.0208,5.82079
552,22.830,418.511,917,stuck,0.0207,9.66361
553,470.798,461.499,1573,collision,0.0206,6.63565
554,459.543,453.624,2047,collision,0.0204,9.02848
555,-21.254,451.791,17,rollover,0.0203,23.71017
556,414.123,452.636,603,goal,0.0201,11.98055
557,32.371,442.596,826,stuck,0.0200,7.31190
558,331.705,429.159,542,goal,0.0198,7.58225
559,123.805,411.200,1079,stuck,0.0197,5.68451
560,112.237,387.081,1025,stuck,0.0196,7.53450
561,1201.938,408.858,4357,collision,0.0194,10.37539
562,918.212,423.787,3308,goal,0.0193,8.06251
563,933.214,424.155,2114,goal,0.0192,7.64774
564,255.864,416.730,1471,stuck,0.0190,6.52033
565,287.119,414.512,1036,collision,0.0189,6.79484
566,-132.275,401.699,737,collision,0.0188,6.80388
567,148.490,398.432,535,collision,0.0186,10.79209
568,432.458,385.676,745,goal,0.0185,8.71772
569,643.513,394.208,1304,goal,0.0184,11.03471
570,426.175,382.346,1930,stuck,0.0182,9.26674
571,507.336,393.519,1481,collision,0.0181,7.09139
572,1145.193,395.075,2786,goal,0.0180,9.36361
573,1013.892,398.050,2392,goal,0.0179,10.68575
574,285.733,404.420,355,goal,0.0177,8.96794
575,510.683,412.312,2025,collision,0.0176,6.95759
576,1120.090,421.034,2691,goal,0.0175,9.03732
577,334.899,405.542,1900,stuck,0.0174,8.16727
578,842.536,421.795,2373,collision,0.0172,6.71783
579,132.039,400.889,906,goal,0.0171,9.80802
580,1250.304,419.647,3079,goal,0.0170,8.18482
581,-34.488,417.072,22,collision,0.0169,0.32195
582,937.381,421.314,2061,goal,0.0168,10.44596
583,93.439,400.671,968,stuck,0.0166,10.15152
584,-417.089,378.471,2688,collision,0.0165,10.07560
585,1272.998,389.286,2858,goal,0.0164,10.33388
586,420.862,397.016,646,goal,0.0163,4.88545
587,-111.588,393.597,2499,stuck,0.0162,9.37352
588,604.851,405.999,2361,collision,0.0161,6.99925
589,478.705,410.816,1276,goal,0.0160,9.83104
590,30.581,410.153,1121,stuck,0.0159,7.08419
591,889.968,433.197,1955,goal,0.0157,8.77319
592,491.896,420.248,853,goal,0.0156,10.87992
593,769.827,424.871,1666,goal,0.0155,7.83232
594,-21.492,421.944,53,collision,0.0154,0.83397
595,387.421,423.952,614,goal,0.0153,10.49423
596,-3.487,425.345,188,collision,0.0152,13.19199
597,42.490,423.904,252,collision,0.0151,9.35391
598,810.165,431.150,1634,goal,0.0150,6.14554
599,1478.889,454.667,3978,goal,0.0149,8.38222
600,743.870,472.587,3424,stuck,0.0148,8.72108
601,66.329,462.702,544,collision,0.0147,7.27343
602,1019.739,482.640,2215,goal,0.0146,7.99188
603,830.778,489.840,1755,goal,0.0145,9.84513
604,266.075,485.970,878,goal,0.0144,7.27175
605,-54.246,485.311,1266,stuck,0.0143,13.27841
606,106.257,479.153,1436,stuck,0.0142,7.75391
607,444.072,487.387,982,goal,0.0141,8.47246
608,904.124,498.836,3164,collision,0.0140,9.96510
609,807.350,512.507,2276,goal,0.0139,6.92214
610,762.145,525.505,2343,collision,0.0138,9.52928
611,365.437,508.775,489,goal,0.0137,8.08829
612,0.334,490.417,1127,collision,0.0136,8.58743
613,358.634,478.926,655,goal,0.0135,7.57502
614,884.762,491.503,2161,goal,0.0134,10.72870
615,714.968,500.060,1545,goal,0.0133,7.96918
616,594.760,514.601,2351,stuck,0.0132,9.83247
617,196.043,515.552,786,collision,0.0131,8.07966
618,218.484,511.273,814,collision,0.0130,9.64217
619,762.350,513.649,1498,goal,0.0129,7.07974
620,287.196,510.870,1673,stuck,0.0128,13.14069
621,9.871,500.921,1545,stuck,0.0127,8.87145
622,7.220,478.161,349,collision,0.0127,9.18669
623,956.671,477.017,2171,goal,0.0126,9.57308
624,1047.039,492.243,2477,goal,0.0125,9.18648
625,750.361,497.036,2466,collision,0.0124,8.16297
626,297.288,480.580,2104,collision,0.0123,12.64708
627,164.879,477.180,794,collision,0.0122,8.68878
628,578.244,471.894,1972,collision,0.0121,8.32228
629,818.500,485.623,1748,goal,0.0121,8.83156
630,1411.368,488.845,3326,goal,0.0120,8.03608
631,589.203,501.318,1657,collision,0.0119,6.55251
632,112.389,484.819,1303,stuck,0.0118,9.05430
633,646.660,495.883,2014,collision,0.0117,8.64063
634,305.535,510.335,1948,collision,0.0116,8.43017
635,104.436,486.964,429,collision,0.0116,9.08884
636,200.848,482.564,877,collision,0.0115,11.16561
637,910.203,503.000,2046,goal,0.0114,9.48076
638,419.421,499.291,1305,collision,0.0113,6.83789
639,740.448,504.526,1512,goal,0.0112,7.66174
640,96.879,505.852,374,collision,0.0112,3.08340
641,79.202,489.637,360,collision,0.0111,5.37303
642,108.295,481.965,906,collision,0.0110,9.41360
643,705.333,480.675,1427,goal,0.0109,6.38946
644,311.301,487.331,1964,collision,0.0108,8.11998
645,248.644,484.555,1410,stuck,0.0108,6.10469
646,94.322,486.511,988,stuck,0.0107,10.92465
647,83.295,487.327,1444,stuck,0.0106,7.23171
648,474.014,480.604,3144,collision,0.0105,7.29464
649,922.952,469.486,3746,goal,0.0105,8.03647
650,508.985,464.788,2144,stuck,0.0104,8.33837
651,328.942,470.040,500,goal,0.0103,6.53387
652,169.284,453.031,657,collision,0.0103,10.64773
653,404.036,444.496,1249,collision,0.0102,7.94338
654,113.297,441.441,381,collision,0.0101,5.79290
655,325.098,449.028,468,goal,0.0100,6.41792
656,571.305,458.329,1383,goal,0.0100,7.06543
657,435.484,458.157,747,goal,0.0100,7.66619
658,37.737,440.829,906,stuck,0.0100,4.84315
659,800.706,440.696,1759,goal,0.0100,8.31634
660,624.144,437.936,2409,collision,0.0100,6.93418
661,-723.964,416.148,1022,stuck,0.0100,8.56100
662,679.209,429.726,1440,goal,0.0100,7.84631
663,305.158,428.656,985,collision,0.0100,9.69572
664,1089.303,432.747,2555,goal,0.0100,8.76462
665,-558.358,407.280,771,stuck,0.0100,10.29776
666,1551.911,426.423,3831,goal,0.0100,9.79040
667,542.247,433.347,945,goal,0.0100,4.08348
668,891.562,446.809,1933,goal,0.0100,7.90589
669,1284.419,457.250,3086,goal,0.0100,9.20723
670,473.450,460.975,2429,stuck,0.0100,8.88852
671,1167.600,484.130,2671,goal,0.0100,9.90702
672,824.052,500.467,1834,goal,0.0100,8.35713
673,986.972,501.073,2452,goal,0.0100,7.23773
674,10.337,480.339,170,collision,0.0100,12.35361
675,21.970,465.771,606,collision,0.0100,7.56859
676,153.960,462.904,1219,stuck,0.0100,8.14142
677,559.651,470.800,1065,goal,0.0100,10.38381
678,52.769,460.290,2451,stuck,0.0100,8.86932
679,303.845,449.997,337,goal,0.0100,7.26007
680,129.301,424.356,1059,stuck,0.0100,8.19056
681,800.323,428.578,1671,goal,0.0100,7.45535
682,51.149,427.353,406,collision,0.0100,3.52196
683,-6.125,414.298,794,stuck,0.0100,4.90814
684,170.761,411.602,1201,stuck,0.0100,7.02865
685,223.634,413.986,324,goal,0.0100,11.69759
686,274.852,415.466,913,collision,0.0100,11.89684
687,126.157,399.785,492,collision,0.0100,8.84165
688,423.647,399.870,626,goal,0.0100,13.13911
689,1255.930,410.180,2769,goal,0.0100,7.61222
690,518.380,418.610,1694,collision,0.0100,7.17647
691,604.069,429.107,1196,goal,0.0100,14.87781
692,580.070,438.542,1899,collision,0.0100,9.67889
693,417.954,432.795,975,goal,0.0100,9.21837
694,911.045,444.790,2089,goal,0.0100,8.25962
695,96.942,441.756,1658,collision,0.0100,7.46898
696,1706.254,473.994,4195,goal,0.0100,9.63061
697,-427.168,463.785,1200,stuck,0.0100,8.65780
698,492.626,464.157,3281,stuck,0.0100,7.86747
699,109.927,447.897,474,collision,0.0100,11.37331
700,260.301,442.923,1724,stuck,0.0100,9.16835
701,1463.846,465.621,3597,goal,0.0100,8.61564
702,1212.305,486.482,2651,goal,0.0100,10.30711
703,1390.067,506.202,3283,goal,0.0100,8.46687
704,153.291,507.002,1223,stuck,0.0100,11.55324
705,94.716,502.395,836,collision,0.0100,8.75081
706,924.749,509.463,2222,goal,0.0100,5.91062
707,920.260,519.159,1938,goal,0.0100,7.60419
708,259.868,523.602,437,goal,0.0100,8.62578
709,1029.759,528.183,2638,goal,0.0100,7.58827
710,434.894,524.398,723,goal,0.0100,7.97790
711,89.715,540.671,620,collision,0.0100,6.77799
712,-62.530,525.836,972,stuck,0.0100,7.99157
713,684.480,533.423,1373,goal,0.0100,6.43402
714,667.546,524.988,1349,goal,0.0100,10.60921
715,1140.877,558.972,2548,goal,0.0100,7.19983
716,110.811,530.150,430,collision,0.0100,7.95718
717,451.300,528.331,756,goal,0.0100,10.45607
718,-575.401,498.992,1705,stuck,0.0100,9.82951
719,468.749,482.679,1860,collision,0.0100,7.70734
720,28.184,473.773,319,collision,0.0100,4.53515
721,107.036,452.562,1140,stuck,0.0100,10.05941
722,716.918,450.419,2409,collision,0.0100,9.03216
723,452.219,439.724,709,goal,0.0100,9.54737
724,996.740,459.452,2514,goal,0.0100,9.45326
725,300.886,465.031,1182,collision,0.0100,7.03144
726,262.764,467.207,761,collision,0.0100,9.65878
727,1427.438,484.563,3351,goal,0.0100,6.23118
728,565.261,494.812,1015,goal,0.0100,8.44879
729,-693.477,474.866,743,stuck,0.0100,7.42913
730,1670.285,505.686,3900,goal,0.0100,7.66923
731,-956.913,470.541,606,collision,0.0100,7.21817
732,359.465,476.707,1023,collision,0.0100,10.44438
733,262.905,482.088,1134,collision,0.0100,5.76563
734,257.490,483.822,1539,stuck,0.0100,6.90919
735,-474.321,469.863,1305,stuck,0.0100,7.21991
736,822.817,480.823,1775,goal,0.0100,9.12050
737,465.509,487.610,813,goal,0.0100,2.69141
738,468.418,488.505,1764,goal,0.0100,6.92530
739,99.561,465.378,1290,stuck,0.0100,7.84979
740,129.402,457.598,532,collision,0.0100,10.33178
741,800.350,461.524,1699,goal,0.0100,7.92403
742,332.915,456.581,613,goal,0.0100,6.15474
743,1215.077,472.523,2934,goal,0.0100,7.52797
744,660.706,467.516,2566,collision,0.0100,7.27020
745,1101.867,487.615,2705,goal,0.0100,7.83350
746,775.800,469.006,1768,goal,0.0100,8.51646
747,-25.257,477.044,652,stuck,0.0100,8.87385
748,407.702,475.346,668,goal,0.0100,4.18334
749,252.483,478.197,948,collision,0.0100,9.03256
750,66.303,474.317,959,stuck,0.0100,7.73853
751,103.743,447.115,1296,stuck,0.0100,6.56252
752,731.247,437.493,2099,collision,0.0100,7.94935
753,139.158,412.475,807,collision,0.0100,9.34877
754,21.595,409.841,468,collision,0.0100,5.61891
755,-20.000,407.547,1,collision,0.0100,0.04844
756,617.450,401.401,1492,goal,0.0100,8.09517
757,46.703,383.930,629,collision,0.0100,10.79290
758,1525.016,409.233,3571,goal,0.0100,6.10913
759,136.737,391.372,1253,stuck,0.0100,6.99542
760,892.782,400.530,2689,goal,0.0100,6.69434
761,344.317,405.622,1686,stuck,0.0100,10.36143
762,1015.051,427.174,2557,goal,0.0100,8.62701
763,120.954,415.903,421,collision,0.0100,8.07078
764,432.112,411.195,661,goal,0.0100,12.51578
765,-23.673,387.904,741,stuck,0.0100,11.19543
766,217.624,390.040,2174,stuck,0.0100,7.38493
767,867.898,398.372,1859,goal,0.0100,8.46312
768,937.393,428.628,2064,goal,0.0100,9.04806
769,1488.831,449.029,4239,goal,0.0100,6.78473
770,246.501,453.396,1555,collision,0.0100,7.77320
771,1052.255,472.300,2312,goal,0.0100,8.75141
772,202.686,462.016,1306,stuck,0.0100,6.56577
773,167.739,456.326,1247,stuck,0.0100,7.33687
774,1096.034,458.312,2393,goal,0.0100,8.54394
775,328.877,458.872,451,goal,0.0100,13.69288
776,799.205,469.600,1647,goal,0.0100,8.89757
777,-54.840,439.955,600,stuck,0.0100,9.40517
778,270.492,434.060,311,goal,0.0100,10.52836
779,333.102,454.591,1699,stuck,0.0100,6.78880
780,148.142,424.148,1689,stuck,0.0100,8.60793
781,636.507,456.017,1354,goal,0.0100,6.56242
782,1092.208,470.671,2718,goal,0.0100,7.55222
783,413.300,473.679,639,goal,0.0100,7.35080
784,465.764,477.845,2249,stuck,0.0100,8.54085
785,678.479,500.901,1298,goal,0.0100,7.20655
786,1239.621,509.237,4419,stuck,0.0100,10.55797
787,1646.897,532.865,4591,collision,0.0100,7.18072
788,-8.246,523.331,141,collision,0.0100,8.96705
789,1244.943,546.239,3463,collision,0.0100,7.79430
790,289.250,549.436,2227,stuck,0.0100,7.54592
791,252.365,538.476,1453,stuck,0.0100,8.76798
792,435.108,540.520,816,goal,0.0100,7.46002
793,468.083,525.580,1974,stuck,0.0100,8.38716
794,592.448,524.215,1197,goal,0.0100,6.58524
795,-47.381,501.230,650,stuck,0.0100,5.51027
796,542.604,496.566,2069,goal,0.0100,8.91421
797,434.433,505.760,2075,stuck,0.0100,6.98205
798,428.109,506.168,1311,collision,0.0100,7.92524
799,478.504,510.689,867,goal,0.0100,6.23496
800,199.740,513.357,1847,stuck,0.0100,8.72271
