step,x,y,goal_x,goal_y
1,-0.002,-0.000,-44.800,-7.000
2,-0.005,-0.001,-44.800,-7.000
3,-0.010,-0.002,-44.800,-7.000
4,-0.017,-0.003,-44.800,-7.000
5,-0.026,-0.004,-44.800,-7.000
6,-0.036,-0.006,-44.800,-7.000
7,-0.048,-0.007,-44.800,-7.000
8,-0.062,-0.010,-44.800,-7.000
9,-0.077,-0.012,-44.800,-7.000
10,-0.094,-0.015,-44.800,-7.000
11,-0.113,-0.018,-44.800,-7.000
12,-0.133,-0.021,-44.800,-7.000
13,-0.152,-0.024,-44.800,-7.000
14,-0.172,-0.027,-44.800,-7.000
15,-0.191,-0.030,-44.800,-7.000
16,-0.211,-0.033,-44.800,-7.000
17,-0.231,-0.036,-44.800,-7.000
18,-0.250,-0.039,-44.800,-7.000
19,-0.270,-0.042,-44.800,-7.000
20,-0.290,-0.045,-44.800,-7.000
21,-0.309,-0.048,-44.800,-7.000
22,-0.329,-0.051,-44.800,-7.000
23,-0.348,-0.054,-44.800,-7.000
24,-0.368,-0.057,-44.800,-7.000
25,-0.388,-0.061,-44.800,-7.000
26,-0.407,-0.064,-44.800,-7.000
27,-0.427,-0.067,-44.800,-7.000
28,-0.446,-0.070,-44.800,-7.000
29,-0.466,-0.073,-44.800,-7.000
30,-0.485,-0.076,-44.800,-7.000
31,-0.503,-0.079,-44.800,-7.000
32,-0.519,-0.083,-44.800,-7.000
33,-0.535,-0.087,-44.800,-7.000
34,-0.552,-0.088,-44.800,-7.000
35,-0.568,-0.090,-44.800,-7.000
36,-0.584,-0.093,-44.800,-7.000
37,-0.602,-0.095,-44.800,-7.000
38,-0.621,-0.098,-44.800,-7.000
39,-0.641,-0.101,-44.800,-7.000
40,-0.661,-0.103,-44.800,-7.000
41,-0.679,-0.104,-44.800,-7.000
42,-0.695,-0.105,-44.800,-7.000
43,-0.713,-0.105,-44.800,-7.000
44,-0.732,-0.106,-44.800,-7.000
45,-0.752,-0.107,-44.800,-7.000
46,-0.772,-0.108,-44.800,-7.000
47,-0.792,-0.108,-44.800,-7.000
48,-0.812,-0.109,-44.800,-7.000
49,-0.831,-0.110,-44.800,-7.000
50,-0.851,-0.111,-44.800,-7.000
51,-0.871,-0.112,-44.800,-7.000
52,-0.891,-0.113,-44.800,-7.000
53,-0.911,-0.114,-44.800,-7.000
54,-0.931,-0.114,-44.800,-7.000
55,-0.950,-0.115,-44.800,-7.000
56,-0.970,-0.116,-44.800,-7.000
57,-0.990,-0.117,-44.800,-7.000
58,-1.010,-0.118,-44.800,-7.000
59,-1.030,-0.119,-44.800,-7.000
60,-1.050,-0.119,-44.800,-7.000
61,-1.069,-0.120,-44.800,-7.000
62,-1.089,-0.121,-44.800,-7.000
63,-1.109,-0.122,-44.800,-7.000
64,-1.129,-0.123,-44.800,-7.000
65,-1.149,-0.124,-44.800,-7.000
66,-1.169,-0.124,-44.800,-7.000
67,-1.188,-0.125,-44.800,-7.000
68,-1.208,-0.126,-44.800,-7.000
69,-1.228,-0.127,-44.800,-7.000
70,-1.248,-0.128,-44.800,-7.000
71,-1.268,-0.129,-44.800,-7.000
72,-1.288,-0.129,-44.800,-7.000
73,-1.307,-0.130,-44.800,-7.000
74,-1.327,-0.131,-44.800,-7.000
75,-1.347,-0.132,-44.800,-7.000
76,-1.367,-0.133,-44.800,-7.000
77,-1.387,-0.134,-44.800,-7.000
78,-1.407,-0.135,-44.800,-7.000
79,-1.427,-0.135,-44.800,-7.000
80,-1.446,-0.136,-44.800,-7.000
81,-1.466,-0.137,-44.800,-7.000
82,-1.486,-0.138,-44.800,-7.000
83,-1.506,-0.139,-44.800,-7.000
84,-1.526,-0.140,-44.800,-7.000
85,-1.546,-0.140,-44.800,-7.000
86,-1.565,-0.141,-44.800,-7.000
87,-1.585,-0.142,-44.800,-7.000
88,-1.605,-0.143,-44.800,-7.000
89,-1.625,-0.144,-44.800,-7.000
90,-1.645,-0.145,-44.800,-7.000
91,-1.665,-0.145,-44.800,-7.000
92,-1.684,-0.146,-44.800,-7.000
93,-1.704,-0.147,-44.800,-7.000
94,-1.724,-0.148,-44.800,-7.000
95,-1.744,-0.149,-44.800,-7.000
96,-1.764,-0.150,-44.800,-7.000
97,-1.784,-0.150,-44.800,-7.000
98,-1.803,-0.151,-44.800,-7.000
99,-1.823,-0.152,-44.800,-7.000
100,-1.843,-0.153,-44.800,-7.000
101,-1.863,-0.154,-44.800,-7.000
102,-1.883,-0.155,-44.800,-7.000
103,-1.903,-0.155,-44.800,-7.000
104,-1.922,-0.156,-44.800,-7.000
105,-1.942,-0.157,-44.800,-7.000
106,-1.962,-0.158,-44.800,-7.000
107,-1.982,-0.159,-44.800,-7.000
108,-2.002,-0.160,-44.800,-7.000
109,-2.022,-0.161,-44.800,-7.000
110,-2.042,-0.161,-44.800,-7.000
111,-2.061,-0.162,-44.800,-7.000
112,-2.081,-0.163,-44.800,-7.000
113,-2.101,-0.164,-44.800,-7.000
114,-2.121,-0.165,-44.800,-7.000
115,-2.141,-0.166,-44.800,-7.000
116,-2.161,-0.166,-44.800,-7.000
117,-2.180,-0.167,-44.800,-7.000
118,-2.200,-0.168,-44.800,-7.000
119,-2.220,-0.169,-44.800,-7.000
120,-2.240,-0.170,-44.800,-7.000
121,-2.260,-0.171,-44.800,-7.000
122,-2.280,-0.171,-44.800,-7.000
123,-2.299,-0.172,-44.800,-7.000
124,-2.319,-0.173,-44.800,-7.000
125,-2.339,-0.174,-44.800,-7.000
126,-2.359,-0.175,-44.800,-7.000
127,-2.379,-0.176,-44.800,-7.000
128,-2.399,-0.176,-44.800,-7.000
129,-2.418,-0.177,-44.800,-7.000
130,-2.438,-0.178,-44.800,-7.000
131,-2.458,-0.179,-44.800,-7.000
132,-2.478,-0.180,-44.800,-7.000
133,-2.498,-0.181,-44.800,-7.000
134,-2.518,-0.182,-44.800,-7.000
135,-2.537,-0.182,-44.800,-7.000
136,-2.557,-0.183,-44.800,-7.000
137,-2.577,-0.184,-44.800,-7.000
138,-2.597,-0.185,-44.800,-7.000
139,-2.617,-0.186,-44.800,-7.000
140,-2.637,-0.187,-44.800,-7.000
141,-2.657,-0.187,-44.800,-7.000
142,-2.676,-0.188,-44.800,-7.000
143,-2.696,-0.189,-44.800,-7.000
144,-2.716,-0.190,-44.800,-7.000
145,-2.736,-0.191,-44.800,-7.000
146,-2.756,-0.192,-44.800,-7.000
147,-2.776,-0.192,-44.800,-7.000
148,-2.795,-0.193,-44.800,-7.000
149,-2.815,-0.194,-44.800,-7.000
150,-2.835,-0.195,-44.800,-7.000
151,-2.855,-0.196,-44.800,-7.000
152,-2.875,-0.197,-44.800,-7.000
153,-2.895,-0.197,-44.800,-7.000
154,-2.914,-0.198,-44.800,-7.000
155,-2.934,-0.199,-44.800,-7.000
156,-2.954,-0.200,-44.800,-7.000
157,-2.974,-0.201,-44.800,-7.000
158,-2.994,-0.202,-44.800,-7.000
159,-3.014,-0.202,-44.800,-7.000
160,-3.033,-0.203,-44.800,-7.000
161,-3.053,-0.204,-44.800,-7.000
162,-3.073,-0.205,-44.800,-7.000
163,-3.093,-0.206,-44.800,-7.000
164,-3.113,-0.207,-44.800,-7.000
165,-3.133,-0.208,-44.800,-7.000
166,-3.152,-0.208,-44.800,-7.000
167,-3.172,-0.209,-44.800,-7.000
168,-3.192,-0.210,-44.800,-7.000
169,-3.212,-0.211,-44.800,-7.000
170,-3.232,-0.212,-44.800,-7.000
171,-3.252,-0.213,-44.800,-7.000
172,-3.272,-0.213,-44.800,-7.000
173,-3.291,-0.214,-44.800,-7.000
174,-3.311,-0.215,-44.800,-7.000
175,-3.331,-0.216,-44.800,-7.000
176,-3.351,-0.217,-44.800,-7.000
177,-3.371,-0.218,-44.800,-7.000
178,-3.391,-0.218,-44.800,-7.000
179,-3.410,-0.219,-44.800,-7.000
180,-3.430,-0.220,-44.800,-7.000
181,-3.450,-0.221,-44.800,-7.000
182,-3.470,-0.222,-44.800,-7.000
183,-3.490,-0.223,-44.800,-7.000
184,-3.510,-0.223,-44.800,-7.000
185,-3.529,-0.224,-44.800,-7.000
186,-3.549,-0.225,-44.800,-7.000
187,-3.569,-0.226,-44.800,-7.000
188,-3.589,-0.227,-44.800,-7.000
189,-3.609,-0.228,-44.800,-7.000
190,-3.629,-0.228,-44.800,-7.000
191,-3.648,-0.229,-44.800,-7.000
192,-3.668,-0.230,-44.800,-7.000
193,-3.688,-0.231,-44.800,-7.000
194,-3.708,-0.232,-44.800,-7.000
195,-3.728,-0.233,-44.800,-7.000
196,-3.748,-0.234,-44.800,-7.000
197,-3.767,-0.234,-44.800,-7.000
198,-3.787,-0.235,-44.800,-7.000
199,-3.807,-0.236,-44.800,-7.000
200,-3.827,-0.237,-44.800,-7.000
201,-3.847,-0.238,-44.800,-7.000
202,-3.867,-0.239,-44.800,-7.000
203,-3.886,-0.239,-44.800,-7.000
204,-3.906,-0.240,-44.800,-7.000
205,-3.926,-0.241,-44.800,-7.000
206,-3.946,-0.242,-44.800,-7.000
207,-3.966,-0.243,-44.800,-7.000
208,-3.986,-0.244,-44.800,-7.000
209,-4.005,-0.244,-44.800,-7.000
210,-4.025,-0.245,-44.800,-7.000
211,-4.045,-0.246,-44.800,-7.000
212,-4.065,-0.247,-44.800,-7.000
213,-4.085,-0.248,-44.800,-7.000
214,-4.105,-0.249,-44.800,-7.000
215,-4.125,-0.249,-44.800,-7.000
216,-4.144,-0.250,-44.800,-7.000
217,-4.164,-0.251,-44.800,-7.000
218,-4.184,-0.252,-44.800,-7.000
219,-4.204,-0.253,-44.800,-7.000
220,-4.224,-0.254,-44.800,-7.000
221,-4.244,-0.254,-44.800,-7.000
222,-4.263,-0.255,-44.800,-7.000
223,-4.283,-0.256,-44.800,-7.000
224,-4.303,-0.257,-44.800,-7.000
225,-4.323,-0.258,-44.800,-7.000
226,-4.343,-0.259,-44.800,-7.000
227,-4.363,-0.260,-44.800,-7.000
228,-4.382,-0.260,-44.800,-7.000
229,-4.402,-0.261,-44.800,-7.000
230,-4.422,-0.262,-44.800,-7.000
231,-4.442,-0.263,-44.800,-7.000
232,-4.462,-0.264,-44.800,-7.000
233,-4.482,-0.265,-44.800,-7.000
234,-4.501,-0.265,-44.800,-7.000
235,-4.521,-0.266,-44.800,-7.000
236,-4.541,-0.267,-44.800,-7.000
237,-4.561,-0.268,-44.800,-7.000
238,-4.581,-0.269,-44.800,-7.000
239,-4.601,-0.270,-44.800,-7.000
240,-4.620,-0.270,-44.800,-7.000
241,-4.640,-0.271,-44.800,-7.000
242,-4.660,-0.272,-44.800,-7.000
243,-4.680,-0.273,-44.800,-7.000
244,-4.700,-0.274,-44.800,-7.000
245,-4.720,-0.275,-44.800,-7.000
246,-4.739,-0.275,-44.800,-7.000
247,-4.759,-0.276,-44.800,-7.000
248,-4.779,-0.277,-44.800,-7.000
249,-4.799,-0.278,-44.800,-7.000
250,-4.819,-0.279,-44.800,-7.000
251,-4.839,-0.280,-44.800,-7.000
252,-4.859,-0.281,-44.800,-7.000
253,-4.878,-0.281,-44.800,-7.000
254,-4.898,-0.282,-44.800,-7.000
255,-4.918,-0.283,-44.800,-7.000
256,-4.938,-0.284,-44.800,-7.000
257,-4.958,-0.285,-44.800,-7.000
258,-4.977,-0.286,-44.800,-7.000
259,-4.997,-0.286,-44.800,-7.000
260,-5.017,-0.287,-44.800,-7.000
261,-5.037,-0.288,-44.800,-7.000
262,-5.057,-0.289,-44.800,-7.000
263,-5.077,-0.290,-44.800,-7.000
264,-5.096,-0.291,-44.800,-7.000
265,-5.116,-0.291,-44.800,-7.000
266,-5.136,-0.292,-44.800,-7.000
267,-5.156,-0.293,-44.800,-7.000
268,-5.176,-0.294,-44.800,-7.000
269,-5.195,-0.295,-44.800,-7.000
270,-5.215,-0.296,-44.800,-7.000
271,-5.235,-0.296,-44.800,-7.000
272,-5.255,-0.297,-44.800,-7.000
273,-5.275,-0.298,-44.800,-7.000
274,-5.294,-0.299,-44.800,-7.000
275,-5.314,-0.300,-44.800,-7.000
276,-5.334,-0.301,-44.800,-7.000
277,-5.354,-0.301,-44.800,-7.000
278,-5.374,-0.302,-44.800,-7.000
279,-5.393,-0.303,-44.800,-7.000
280,-5.413,-0.304,-44.800,-7.000
281,-5.433,-0.305,-44.800,-7.000
282,-5.453,-0.306,-44.800,-7.000
283,-5.473,-0.306,-44.800,-7.000
284,-5.492,-0.307,-44.800,-7.000
285,-5.512,-0.308,-44.800,-7.000
286,-5.532,-0.309,-44.800,-7.000
287,-5.552,-0.310,-44.800,-7.000
288,-5.572,-0.311,-44.800,-7.000
289,-5.591,-0.311,-44.800,-7.000
290,-5.611,-0.312,-44.800,-7.000
291,-5.631,-0.313,-44.800,-7.000
292,-5.651,-0.314,-44.800,-7.000
293,-5.671,-0.315,-44.800,-7.000
294,-5.690,-0.316,-44.800,-7.000
295,-5.710,-0.316,-44.800,-7.000
296,-5.730,-0.317,-44.800,-7.000
297,-5.750,-0.318,-44.800,-7.000
298,-5.770,-0.319,-44.800,-7.000
299,-5.789,-0.320,-44.800,-7.000
300,-5.809,-0.321,-44.800,-7.000
301,-5.829,-0.321,-44.800,-7.000
302,-5.849,-0.322,-44.800,-7.000
303,-5.869,-0.323,-44.800,-7.000
304,-5.888,-0.324,-44.800,-7.000
305,-5.908,-0.325,-44.800,-7.000
306,-5.928,-0.326,-44.800,-7.000
307,-5.948,-0.326,-44.800,-7.000
308,-5.968,-0.327,-44.800,-7.000
309,-5.987,-0.328,-44.800,-7.000
310,-6.007,-0.329,-44.800,-7.000
311,-6.027,-0.330,-44.800,-7.000
312,-6.047,-0.331,-44.800,-7.000
313,-6.066,-0.331,-44.800,-7.000
314,-6.086,-0.332,-44.800,-7.000
315,-6.106,-0.333,-44.800,-7.000
316,-6.126,-0.334,-44.800,-7.000
317,-6.146,-0.335,-44.800,-7.000
318,-6.165,-0.336,-44.800,-7.000
319,-6.185,-0.336,-44.800,-7.000
320,-6.205,-0.337,-44.800,-7.000
321,-6.225,-0.338,-44.800,-7.000
322,-6.245,-0.339,-44.800,-7.000
323,-6.264,-0.340,-44.800,-7.000
324,-6.284,-0.341,-44.800,-7.000
325,-6.304,-0.342,-44.800,-7.000
326,-6.324,-0.342,-44.800,-7.000
327,-6.344,-0.343,-44.800,-7.000
328,-6.363,-0.344,-44.800,-7.000
329,-6.383,-0.345,-44.800,-7.000
330,-6.403,-0.346,-44.800,-7.000
331,-6.423,-0.347,-44.800,-7.000
332,-6.443,-0.347,-44.800,-7.000
333,-6.462,-0.348,-44.800,-7.000
334,-6.482,-0.349,-44.800,-7.000
335,-6.502,-0.350,-44.800,-7.000
336,-6.522,-0.351,-44.800,-7.000
337,-6.542,-0.352,-44.800,-7.000
338,-6.561,-0.352,-44.800,-7.000
339,-6.581,-0.353,-44.800,-7.000
340,-6.601,-0.354,-44.800,-7.000
341,-6.621,-0.355,-44.800,-7.000
342,-6.641,-0.356,-44.800,-7.000
343,-6.660,-0.357,-44.800,-7.000
344,-6.680,-0.357,-44.800,-7.000
345,-6.700,-0.358,-44.800,-7.000
346,-6.720,-0.359,-44.800,-7.000
347,-6.739,-0.360,-44.800,-7.000
348,-6.759,-0.361,-44.800,-7.000
349,-6.779,-0.362,-44.800,-7.000
350,-6.799,-0.362,-44.800,-7.000
351,-6.819,-0.363,-44.800,-7.000
352,-6.838,-0.364,-44.800,-7.000
353,-6.858,-0.365,-44.800,-7.000
354,-6.878,-0.366,-44.800,-7.000
355,-6.898,-0.367,-44.800,-7.000
356,-6.917,-0.367,-44.800,-7.000
357,-6.937,-0.368,-44.800,-7.000
358,-6.957,-0.369,-44.800,-7.000
359,-6.977,-0.370,-44.800,-7.000
360,-6.997,-0.371,-44.800,-7.000
361,-7.016,-0.372,-44.800,-7.000
362,-7.036,-0.372,-44.800,-7.000
363,-7.056,-0.373,-44.800,-7.000
364,-7.076,-0.374,-44.800,-7.000
365,-7.095,-0.375,-44.800,-7.000
366,-7.115,-0.376,-44.800,-7.000
367,-7.135,-0.377,-44.800,-7.000
368,-7.155,-0.377,-44.800,-7.000
369,-7.174,-0.378,-44.800,-7.000
370,-7.194,-0.379,-44.800,-7.000
371,-7.214,-0.380,-44.800,-7.000
372,-7.233,-0.381,-44.800,-7.000
373,-7.253,-0.382,-44.800,-7.000
374,-7.273,-0.382,-44.800,-7.000
375,-7.293,-0.383,-44.800,-7.000
376,-7.312,-0.384,-44.800,-7.000
377,-7.332,-0.385,-44.800,-7.000
378,-7.352,-0.386,-44.800,-7.000
379,-7.371,-0.387,-44.800,-7.000
380,-7.391,-0.387,-44.800,-7.000
381,-7.411,-0.388,-44.800,-7.000
382,-7.431,-0.389,-44.800,-7.000
383,-7.450,-0.390,-44.800,-7.000
384,-7.470,-0.391,-44.800,-7.000
385,-7.490,-0.392,-44.800,-7.000
386,-7.509,-0.392,-44.800,-7.000
387,-7.529,-0.393,-44.800,-7.000
388,-7.549,-0.394,-44.800,-7.000
389,-7.569,-0.395,-44.800,-7.000
390,-7.588,-0.396,-44.800,-7.000
391,-7.608,-0.397,-44.800,-7.000
392,-7.628,-0.398,-44.800,-7.000
393,-7.648,-0.398,-44.800,-7.000
394,-7.667,-0.399,-44.800,-7.000
395,-7.687,-0.400,-44.800,-7.000
396,-7.707,-0.401,-44.800,-7.000
397,-7.726,-0.402,-44.800,-7.000
398,-7.746,-0.403,-44.800,-7.000
399,-7.766,-0.403,-44.800,-7.000
400,-7.786,-0.404,-44.800,-7.000
401,-7.805,-0.405,-44.800,-7.000
402,-7.825,-0.406,-44.800,-7.000
403,-7.845,-0.407,-44.800,-7.000
404,-7.864,-0.408,-44.800,-7.000
405,-7.884,-0.408,-44.800,-7.000
406,-7.904,-0.409,-44.800,-7.000
407,-7.924,-0.410,-44.800,-7.000
408,-7.943,-0.411,-44.800,-7.000
409,-7.963,-0.412,-44.800,-7.000
410,-7.983,-0.413,-44.800,-7.000
411,-8.003,-0.413,-44.800,-7.000
412,-8.022,-0.414,-44.800,-7.000
413,-8.042,-0.415,-44.800,-7.000
414,-8.062,-0.416,-44.800,-7.000
415,-8.081,-0.417,-44.800,-7.000
416,-8.101,-0.418,-44.800,-7.000
417,-8.121,-0.418,-44.800,-7.000
418,-8.141,-0.419,-44.800,-7.000
419,-8.160,-0.420,-44.800,-7.000
420,-8.180,-0.421,-44.800,-7.000
421,-8.200,-0.422,-44.800,-7.000
422,-8.219,-0.423,-44.800,-7.000
423,-8.239,-0.423,-44.800,-7.000
424,-8.259,-0.424,-44.800,-7.000
425,-8.279,-0.425,-44.800,-7.000
426,-8.298,-0.426,-44.800,-7.000
427,-8.318,-0.427,-44.800,-7.000
428,-8.338,-0.428,-44.800,-7.000
429,-8.357,-0.428,-44.800,-7.000
430,-8.377,-0.429,-44.800,-7.000
431,-8.397,-0.430,-44.800,-7.000
432,-8.417,-0.431,-44.800,-7.000
433,-8.436,-0.432,-44.800,-7.000
434,-8.456,-0.433,-44.800,-7.000
435,-8.476,-0.433,-44.800,-7.000
436,-8.495,-0.434,-44.800,-7.000
437,-8.515,-0.435,-44.800,-7.000
438,-8.535,-0.436,-44.800,-7.000
439,-8.554,-0.437,-44.800,-7.000
440,-8.574,-0.438,-44.800,-7.000
441,-8.594,-0.438,-44.800,-7.000
442,-8.614,-0.439,-44.800,-7.000
443,-8.633,-0.440,-44.800,-7.000
444,-8.653,-0.441,-44.800,-7.000
445,-8.673,-0.442,-44.800,-7.000
446,-8.692,-0.443,-44.800,-7.000
447,-8.712,-0.444,-44.800,-7.000
448,-8.732,-0.444,-44.800,-7.000
449,-8.751,-0.445,-44.800,-7.000
450,-8.771,-0.446,-44.800,-7.000
451,-8.791,-0.447,-44.800,-7.000
452,-8.811,-0.448,-44.800,-7.000
453,-8.830,-0.449,-44.800,-7.000
454,-8.850,-0.449,-44.800,-7.000
455,-8.870,-0.450,-44.800,-7.000
456,-8.889,-0.451,-44.800,-7.000
457,-8.909,-0.452,-44.800,-7.000
458,-8.929,-0.453,-44.800,-7.000
459,-8.949,-0.454,-44.800,-7.000
460,-8.968,-0.454,-44.800,-7.000
461,-8.988,-0.455,-44.800,-7.000
462,-9.008,-0.456,-44.800,-7.000
463,-9.028,-0.457,-44.800,-7.000
464,-9.047,-0.458,-44.800,-7.000
465,-9.067,-0.459,-44.800,-7.000
466,-9.087,-0.459,-44.800,-7.000
467,-9.106,-0.460,-44.800,-7.000
468,-9.126,-0.461,-44.800,-7.000
469,-9.146,-0.462,-44.800,-7.000
470,-9.166,-0.463,-44.800,-7.000
471,-9.186,-0.464,-44.800,-7.000
472,-9.205,-0.464,-44.800,-7.000
473,-9.225,-0.465,-44.800,-7.000
474,-9.245,-0.466,-44.800,-7.000
475,-9.265,-0.467,-44.800,-7.000
476,-9.284,-0.468,-44.800,-7.000
477,-9.304,-0.468,-44.800,-7.000
478,-9.324,-0.469,-44.800,-7.000
479,-9.344,-0.470,-44.800,-7.000
480,-9.364,-0.471,-44.800,-7.000
481,-9.383,-0.472,-44.800,-7.000
482,-9.403,-0.473,-44.800,-7.000
483,-9.423,-0.473,-44.800,-7.000
484,-9.443,-0.474,-44.800,-7.000
485,-9.462,-0.475,-44.800,-7.000
486,-9.482,-0.476,-44.800,-7.000
487,-9.502,-0.477,-44.800,-7.000
488,-9.522,-0.478,-44.800,-7.000
489,-9.541,-0.478,-44.800,-7.000
490,-9.561,-0.479,-44.800,-7.000
491,-9.581,-0.480,-44.800,-7.000
492,-9.601,-0.481,-44.800,-7.000
493,-9.621,-0.482,-44.800,-7.000
494,-9.640,-0.483,-44.800,-7.000
495,-9.660,-0.483,-44.800,-7.000
496,-9.680,-0.484,-44.800,-7.000
497,-9.700,-0.485,-44.800,-7.000
498,-9.719,-0.486,-44.800,-7.000
499,-9.739,-0.487,-44.800,-7.000
500,-9.759,-0.487,-44.800,-7.000
501,-9.779,-0.488,-44.800,-7.000
502,-9.799,-0.489,-44.800,-7.000
503,-9.818,-0.490,-44.800,-7.000
504,-9.838,-0.491,-44.800,-7.000
505,-9.858,-0.492,-44.800,-7.000
506,-9.878,-0.492,-44.800,-7.000
507,-9.897,-0.493,-44.800,-7.000
508,-9.917,-0.494,-44.800,-7.000
509,-9.937,-0.495,-44.800,-7.000
510,-9.957,-0.496,-44.800,-7.000
511,-9.977,-0.497,-44.800,-7.000
512,-9.996,-0.497,-44.800,-7.000
513,-10.016,-0.498,-44.800,-7.000
514,-10.036,-0.499,-44.800,-7.000
515,-10.056,-0.500,-44.800,-7.000
516,-10.075,-0.501,-44.800,-7.000
517,-10.095,-0.502,-44.800,-7.000
518,-10.115,-0.502,-44.800,-7.000
519,-10.135,-0.503,-44.800,-7.000
520,-10.154,-0.504,-44.800,-7.000
521,-10.174,-0.505,-44.800,-7.000
522,-10.194,-0.506,-44.800,-7.000
523,-10.214,-0.507,-44.800,-7.000
524,-10.234,-0.507,-44.800,-7.000
525,-10.253,-0.508,-44.800,-7.000
526,-10.273,-0.509,-44.800,-7.000
527,-10.293,-0.510,-44.800,-7.000
528,-10.313,-0.511,-44.800,-7.000
529,-10.332,-0.511,-44.800,-7.000
530,-10.352,-0.512,-44.800,-7.000
531,-10.372,-0.513,-44.800,-7.000
532,-10.392,-0.514,-44.800,-7.000
533,-10.412,-0.515,-44.800,-7.000
534,-10.431,-0.516,-44.800,-7.000
535,-10.451,-0.516,-44.800,-7.000
536,-10.471,-0.517,-44.800,-7.000
537,-10.491,-0.518,-44.800,-7.000
538,-10.510,-0.519,-44.800,-7.000
539,-10.530,-0.520,-44.800,-7.000
540,-10.550,-0.521,-44.800,-7.000
541,-10.570,-0.521,-44.800,-7.000
542,-10.589,-0.522,-44.800,-7.000
543,-10.609,-0.523,-44.800,-7.000
544,-10.629,-0.524,-44.800,-7.000
545,-10.649,-0.525,-44.800,-7.000
546,-10.668,-0.525,-44.800,-7.000
547,-10.688,-0.526,-44.800,-7.000
548,-10.708,-0.527,-44.800,-7.000
549,-10.728,-0.528,-44.800,-7.000
550,-10.747,-0.529,-44.800,-7.000
551,-10.767,-0.530,-44.800,-7.000
552,-10.787,-0.530,-44.800,-7.000
553,-10.807,-0.531,-44.800,-7.000
554,-10.826,-0.532,-44.800,-7.000
555,-10.846,-0.533,-44.800,-7.000
556,-10.866,-0.534,-44.800,-7.000
557,-10.886,-0.535,-44.800,-7.000
558,-10.906,-0.535,-44.800,-7.000
559,-10.925,-0.536,-44.800,-7.000
560,-10.945,-0.537,-44.800,-7.000
561,-10.965,-0.538,-44.800,-7.000
562,-10.985,-0.539,-44.800,-7.000
563,-11.005,-0.539,-44.800,-7.000
564,-11.024,-0.540,-44.800,-7.000
565,-11.044,-0.541,-44.800,-7.000
566,-11.064,-0.542,-44.800,-7.000
567,-11.084,-0.543,-44.800,-7.000
568,-11.103,-0.543,-44.800,-7.000
569,-11.123,-0.544,-44.800,-7.000
570,-11.143,-0.545,-44.800,-7.000
571,-11.163,-0.546,-44.800,-7.000
572,-11.183,-0.547,-44.800,-7.000
573,-11.203,-0.547,-44.800,-7.000
574,-11.222,-0.548,-44.800,-7.000
575,-11.242,-0.549,-44.800,-7.000
576,-11.262,-0.550,-44.800,-7.000
577,-11.282,-0.551,-44.800,-7.000
578,-11.302,-0.551,-44.800,-7.000
579,-11.322,-0.552,-44.800,-7.000
580,-11.341,-0.553,-44.800,-7.000
581,-11.361,-0.554,-44.800,-7.000
582,-11.381,-0.554,-44.800,-7.000
583,-11.401,-0.555,-44.800,-7.000
584,-11.421,-0.556,-44.800,-7.000
585,-11.441,-0.557,-44.800,-7.000
586,-11.460,-0.558,-44.800,-7.000
587,-11.480,-0.558,-44.800,-7.000
588,-11.500,-0.559,-44.800,-7.000
589,-11.520,-0.560,-44.800,-7.000
590,-11.540,-0.561,-44.800,-7.000
591,-11.560,-0.562,-44.800,-7.000
592,-11.580,-0.562,-44.800,-7.000
593,-11.599,-0.563,-44.800,-7.000
594,-11.619,-0.564,-44.800,-7.000
595,-11.639,-0.565,-44.800,-7.000
596,-11.659,-0.565,-44.800,-7.000
597,-11.679,-0.566,-44.800,-7.000
598,-11.699,-0.567,-44.800,-7.000
599,-11.718,-0.568,-44.800,-7.000
600,-11.738,-0.569,-44.800,-7.000
601,-11.758,-0.569,-44.800,-7.000
602,-11.778,-0.570,-44.800,-7.000
603,-11.798,-0.571,-44.800,-7.000
604,-11.818,-0.572,-44.800,-7.000
605,-11.837,-0.572,-44.800,-7.000
606,-11.857,-0.573,-44.800,-7.000
607,-11.877,-0.574,-44.800,-7.000
608,-11.897,-0.575,-44.800,-7.000
609,-11.917,-0.576,-44.800,-7.000
610,-11.937,-0.576,-44.800,-7.000
611,-11.956,-0.577,-44.800,-7.000
612,-11.976,-0.578,-44.800,-7.000
613,-11.996,-0.579,-44.800,-7.000
614,-12.016,-0.580,-44.800,-7.000
615,-12.036,-0.580,-44.800,-7.000
616,-12.056,-0.581,-44.800,-7.000
617,-12.075,-0.582,-44.800,-7.000
618,-12.095,-0.583,-44.800,-7.000
619,-12.115,-0.583,-44.800,-7.000
620,-12.135,-0.584,-44.800,-7.000
621,-12.155,-0.585,-44.800,-7.000
622,-12.175,-0.586,-44.800,-7.000
623,-12.194,-0.587,-44.800,-7.000
624,-12.214,-0.587,-44.800,-7.000
625,-12.234,-0.588,-44.800,-7.000
626,-12.254,-0.589,-44.800,-7.000
627,-12.274,-0.590,-44.800,-7.000
628,-12.294,-0.590,-44.800,-7.000
629,-12.313,-0.591,-44.800,-7.000
630,-12.333,-0.592,-44.800,-7.000
631,-12.353,-0.593,-44.800,-7.000
632,-12.373,-0.594,-44.800,-7.000
633,-12.393,-0.594,-44.800,-7.000
634,-12.413,-0.595,-44.800,-7.000
635,-12.433,-0.596,-44.800,-7.000
636,-12.452,-0.597,-44.800,-7.000
637,-12.472,-0.598,-44.800,-7.000
638,-12.492,-0.598,-44.800,-7.000
639,-12.512,-0.599,-44.800,-7.000
640,-12.532,-0.600,-44.800,-7.000
641,-12.552,-0.601,-44.800,-7.000
642,-12.571,-0.601,-44.800,-7.000
643,-12.591,-0.602,-44.800,-7.000
644,-12.611,-0.603,-44.800,-7.000
645,-12.631,-0.604,-44.800,-7.000
646,-12.651,-0.605,-44.800,-7.000
647,-12.671,-0.605,-44.800,-7.000
648,-12.690,-0.606,-44.800,-7.000
649,-12.710,-0.607,-44.800,-7.000
650,-12.730,-0.608,-44.800,-7.000
651,-12.750,-0.609,-44.800,-7.000
652,-12.770,-0.609,-44.800,-7.000
653,-12.790,-0.610,-44.800,-7.000
654,-12.809,-0.611,-44.800,-7.000
655,-12.829,-0.612,-44.800,-7.000
656,-12.849,-0.612,-44.800,-7.000
657,-12.869,-0.613,-44.800,-7.000
658,-12.889,-0.614,-44.800,-7.000
659,-12.909,-0.615,-44.800,-7.000
660,-12.928,-0.616,-44.800,-7.000
661,-12.948,-0.616,-44.800,-7.000
662,-12.968,-0.617,-44.800,-7.000
663,-12.988,-0.618,-44.800,-7.000
664,-13.008,-0.619,-44.800,-7.000
665,-13.028,-0.619,-44.800,-7.000
666,-13.047,-0.620,-44.800,-7.000
667,-13.067,-0.621,-44.800,-7.000
668,-13.087,-0.622,-44.800,-7.000
669,-13.107,-0.623,-44.800,-7.000
670,-13.127,-0.623,-44.800,-7.000
671,-13.147,-0.624,-44.800,-7.000
672,-13.166,-0.625,-44.800,-7.000
673,-13.186,-0.626,-44.800,-7.000
674,-13.206,-0.626,-44.800,-7.000
675,-13.226,-0.627,-44.800,-7.000
676,-13.246,-0.628,-44.800,-7.000
677,-13.266,-0.629,-44.800,-7.000
678,-13.285,-0.629,-44.800,-7.000
679,-13.305,-0.630,-44.800,-7.000
680,-13.325,-0.631,-44.800,-7.000
681,-13.345,-0.632,-44.800,-7.000
682,-13.365,-0.632,-44.800,-7.000
683,-13.385,-0.633,-44.800,-7.000
684,-13.405,-0.634,-44.800,-7.000
685,-13.424,-0.635,-44.800,-7.000
686,-13.444,-0.635,-44.800,-7.000
687,-13.464,-0.636,-44.800,-7.000
688,-13.484,-0.637,-44.800,-7.000
689,-13.504,-0.638,-44.800,-7.000
690,-13.524,-0.639,-44.800,-7.000
691,-13.543,-0.639,-44.800,-7.000
692,-13.563,-0.640,-44.800,-7.000
693,-13.583,-0.641,-44.800,-7.000
694,-13.603,-0.642,-44.800,-7.000
695,-13.623,-0.642,-44.800,-7.000
696,-13.643,-0.643,-44.800,-7.000
697,-13.662,-0.644,-44.800,-7.000
698,-13.682,-0.645,-44.800,-7.000
699,-13.702,-0.645,-44.800,-7.000
700,-13.722,-0.646,-44.800,-7.000
701,-13.742,-0.647,-44.800,-7.000
702,-13.762,-0.648,-44.800,-7.000
703,-13.782,-0.648,-44.800,-7.000
704,-13.801,-0.649,-44.800,-7.000
705,-13.821,-0.650,-44.800,-7.000
706,-13.841,-0.651,-44.800,-7.000
707,-13.861,-0.651,-44.800,-7.000
708,-13.881,-0.652,-44.800,-7.000
709,-13.901,-0.653,-44.800,-7.000
710,-13.920,-0.654,-44.800,-7.000
711,-13.940,-0.654,-44.800,-7.000
712,-13.960,-0.655,-44.800,-7.000
713,-13.980,-0.656,-44.800,-7.000
714,-14.000,-0.657,-44.800,-7.000
715,-14.020,-0.658,-44.800,-7.000
716,-14.039,-0.658,-44.800,-7.000
717,-14.059,-0.659,-44.800,-7.000
718,-14.079,-0.660,-44.800,-7.000
719,-14.099,-0.661,-44.800,-7.000
720,-14.119,-0.661,-44.800,-7.000
721,-14.139,-0.662,-44.800,-7.000
722,-14.158,-0.663,-44.800,-7.000
723,-14.178,-0.664,-44.800,-7.000
724,-14.198,-0.664,-44.800,-7.000
725,-14.218,-0.665,-44.800,-7.000
726,-14.238,-0.666,-44.800,-7.000
727,-14.258,-0.667,-44.800,-7.000
728,-14.278,-0.667,-44.800,-7.000
729,-14.297,-0.668,-44.800,-7.000
730,-14.317,-0.669,-44.800,-7.000
731,-14.337,-0.670,-44.800,-7.000
732,-14.357,-0.670,-44.800,-7.000
733,-14.377,-0.671,-44.800,-7.000
734,-14.397,-0.672,-44.800,-7.000
735,-14.416,-0.673,-44.800,-7.000
736,-14.436,-0.674,-44.800,-7.000
737,-14.456,-0.674,-44.800,-7.000
738,-14.476,-0.675,-44.800,-7.000
739,-14.496,-0.676,-44.800,-7.000
740,-14.516,-0.677,-44.800,-7.000
741,-14.535,-0.677,-44.800,-7.000
742,-14.555,-0.678,-44.800,-7.000
743,-14.575,-0.679,-44.800,-7.000
744,-14.595,-0.680,-44.800,-7.000
745,-14.615,-0.680,-44.800,-7.000
746,-14.635,-0.681,-44.800,-7.000
747,-14.655,-0.682,-44.800,-7.000
748,-14.674,-0.683,-44.800,-7.000
749,-14.694,-0.683,-44.800,-7.000
750,-14.714,-0.684,-44.800,-7.000
751,-14.734,-0.685,-44.800,-7.000
752,-14.754,-0.686,-44.800,-7.000
753,-14.774,-0.686,-44.800,-7.000
754,-14.793,-0.687,-44.800,-7.000
755,-14.813,-0.688,-44.800,-7.000
756,-14.833,-0.689,-44.800,-7.000
757,-14.853,-0.690,-44.800,-7.000
758,-14.873,-0.690,-44.800,-7.000
759,-14.893,-0.691,-44.800,-7.000
760,-14.912,-0.692,-44.800,-7.000
761,-14.932,-0.693,-44.800,-7.000
762,-14.952,-0.693,-44.800,-7.000
763,-14.972,-0.694,-44.800,-7.000
764,-14.992,-0.695,-44.800,-7.000
765,-15.012,-0.696,-44.800,-7.000
766,-15.031,-0.696,-44.800,-7.000
767,-15.051,-0.697,-44.800,-7.000
768,-15.071,-0.698,-44.800,-7.000
769,-15.091,-0.699,-44.800,-7.000
770,-15.111,-0.699,-44.800,-7.000
771,-15.131,-0.700,-44.800,-7.000
772,-15.151,-0.701,-44.800,-7.000
773,-15.170,-0.702,-44.800,-7.000
774,-15.190,-0.702,-44.800,-7.000
775,-15.210,-0.703,-44.800,-7.000
776,-15.230,-0.704,-44.800,-7.000
777,-15.250,-0.704,-44.800,-7.000
778,-15.270,-0.705,-44.800,-7.000
779,-15.289,-0.706,-44.800,-7.000
780,-15.309,-0.707,-44.800,-7.000
781,-15.329,-0.707,-44.800,-7.000
782,-15.349,-0.708,-44.800,-7.000
783,-15.369,-0.709,-44.800,-7.000
784,-15.389,-0.710,-44.800,-7.000
785,-15.408,-0.710,-44.800,-7.000
786,-15.428,-0.711,-44.800,-7.000
787,-15.448,-0.712,-44.800,-7.000
788,-15.468,-0.713,-44.800,-7.000
789,-15.488,-0.713,-44.800,-7.000
790,-15.508,-0.714,-44.800,-7.000
791,-15.527,-0.715,-44.800,-7.000
792,-15.547,-0.716,-44.800,-7.000
793,-15.567,-0.716,-44.800,-7.000
794,-15.587,-0.717,-44.800,-7.000
795,-15.607,-0.718,-44.800,-7.000
796,-15.627,-0.719,-44.800,-7.000
797,-15.646,-0.719,-44.800,-7.000
798,-15.666,-0.720,-44.800,-7.000
799,-15.686,-0.721,-44.800,-7.000
800,-15.706,-0.721,-44.800,-7.000
801,-15.726,-0.722,-44.800,-7.000
802,-15.746,-0.723,-44.800,-7.000
803,-15.765,-0.724,-44.800,-7.000
804,-15.785,-0.724,-44.800,-7.000
805,-15.805,-0.725,-44.800,-7.000
806,-15.825,-0.726,-44.800,-7.000
807,-15.845,-0.727,-44.800,-7.000
808,-15.865,-0.727,-44.800,-7.000
809,-15.884,-0.728,-44.800,-7.000
810,-15.904,-0.729,-44.800,-7.000
811,-15.924,-0.730,-44.800,-7.000
812,-15.944,-0.730,-44.800,-7.000
813,-15.964,-0.731,-44.800,-7.000
814,-15.984,-0.732,-44.800,-7.000
815,-16.003,-0.733,-44.800,-7.000
816,-16.023,-0.733,-44.800,-7.000
817,-16.043,-0.734,-44.800,-7.000
818,-16.063,-0.735,-44.800,-7.000
819,-16.083,-0.736,-44.800,-7.000
820,-16.103,-0.736,-44.800,-7.000
821,-16.122,-0.737,-44.800,-7.000
822,-16.142,-0.738,-44.800,-7.000
823,-16.162,-0.738,-44.800,-7.000
824,-16.182,-0.739,-44.800,-7.000
825,-16.202,-0.740,-44.800,-7.000
826,-16.222,-0.741,-44.800,-7.000
827,-16.242,-0.741,-44.800,-7.000
828,-16.261,-0.742,-44.800,-7.000
829,-16.281,-0.743,-44.800,-7.000
830,-16.301,-0.744,-44.800,-7.000
831,-16.321,-0.744,-44.800,-7.000
832,-16.341,-0.745,-44.800,-7.000
833,-16.361,-0.746,-44.800,-7.000
834,-16.380,-0.747,-44.800,-7.000
835,-16.400,-0.747,-44.800,-7.000
836,-16.420,-0.748,-44.800,-7.000
837,-16.440,-0.749,-44.800,-7.000
838,-16.460,-0.750,-44.800,-7.000
839,-16.480,-0.750,-44.800,-7.000
840,-16.499,-0.751,-44.800,-7.000
841,-16.519,-0.752,-44.800,-7.000
842,-16.539,-0.752,-44.800,-7.000
843,-16.559,-0.753,-44.800,-7.000
844,-16.579,-0.754,-44.800,-7.000
845,-16.599,-0.755,-44.800,-7.000
846,-16.618,-0.755,-44.800,-7.000
847,-16.638,-0.756,-44.800,-7.000
848,-16.658,-0.757,-44.800,-7.000
849,-16.678,-0.758,-44.800,-7.000
850,-16.698,-0.758,-44.800,-7.000
851,-16.718,-0.759,-44.800,-7.000
852,-16.737,-0.760,-44.800,-7.000
853,-16.757,-0.761,-44.800,-7.000
854,-16.777,-0.761,-44.800,-7.000
855,-16.797,-0.762,-44.800,-7.000
856,-16.817,-0.763,-44.800,-7.000
857,-16.837,-0.764,-44.800,-7.000
858,-16.856,-0.764,-44.800,-7.000
859,-16.876,-0.765,-44.800,-7.000
860,-16.896,-0.766,-44.800,-7.000
861,-16.916,-0.767,-44.800,-7.000
862,-16.936,-0.767,-44.800,-7.000
863,-16.956,-0.768,-44.800,-7.000
864,-16.975,-0.769,-44.800,-7.000
865,-16.995,-0.769,-44.800,-7.000
866,-17.015,-0.770,-44.800,-7.000
867,-17.035,-0.771,-44.800,-7.000
868,-17.055,-0.772,-44.800,-7.000
869,-17.075,-0.772,-44.800,-7.000
870,-17.094,-0.773,-44.800,-7.000
871,-17.114,-0.774,-44.800,-7.000
872,-17.134,-0.775,-44.800,-7.000
873,-17.154,-0.775,-44.800,-7.000
874,-17.174,-0.776,-44.800,-7.000
875,-17.194,-0.777,-44.800,-7.000
876,-17.213,-0.777,-44.800,-7.000
877,-17.233,-0.778,-44.800,-7.000
878,-17.253,-0.779,-44.800,-7.000
879,-17.273,-0.780,-44.800,-7.000
880,-17.293,-0.780,-44.800,-7.000
881,-17.313,-0.781,-44.800,-7.000
882,-17.332,-0.782,-44.800,-7.000
883,-17.352,-0.783,-44.800,-7.000
884,-17.372,-0.783,-44.800,-7.000
885,-17.392,-0.784,-44.800,-7.000
886,-17.412,-0.785,-44.800,-7.000
887,-17.432,-0.785,-44.800,-7.000
888,-17.451,-0.786,-44.800,-7.000
889,-17.471,-0.787,-44.800,-7.000
890,-17.491,-0.788,-44.800,-7.000
891,-17.511,-0.788,-44.800,-7.000
892,-17.531,-0.789,-44.800,-7.000
893,-17.551,-0.790,-44.800,-7.000
894,-17.570,-0.790,-44.800,-7.000
895,-17.590,-0.791,-44.800,-7.000
896,-17.610,-0.792,-44.800,-7.000
897,-17.630,-0.793,-44.800,-7.000
898,-17.650,-0.793,-44.800,-7.000
899,-17.669,-0.794,-44.800,-7.000
900,-17.689,-0.795,-44.800,-7.000
901,-17.709,-0.796,-44.800,-7.000
902,-17.729,-0.796,-44.800,-7.000
903,-17.749,-0.797,-44.800,-7.000
904,-17.769,-0.798,-44.800,-7.000
905,-17.788,-0.798,-44.800,-7.000
906,-17.808,-0.799,-44.800,-7.000
907,-17.828,-0.800,-44.800,-7.000
908,-17.848,-0.801,-44.800,-7.000
909,-17.868,-0.801,-44.800,-7.000
910,-17.888,-0.802,-44.800,-7.000
911,-17.907,-0.803,-44.800,-7.000
912,-17.927,-0.803,-44.800,-7.000
913,-17.947,-0.804,-44.800,-7.000
914,-17.967,-0.805,-44.800,-7.000
915,-17.987,-0.806,-44.800,-7.000
916,-18.007,-0.806,-44.800,-7.000
917,-18.026,-0.807,-44.800,-7.000
918,-18.046,-0.808,-44.800,-7.000
919,-18.066,-0.808,-44.800,-7.000
920,-18.086,-0.809,-44.800,-7.000
921,-18.106,-0.810,-44.800,-7.000
922,-18.126,-0.811,-44.800,-7.000
923,-18.145,-0.811,-44.800,-7.000
924,-18.165,-0.812,-44.800,-7.000
925,-18.185,-0.813,-44.800,-7.000
926,-18.205,-0.814,-44.800,-7.000
927,-18.225,-0.814,-44.800,-7.000
928,-18.245,-0.815,-44.800,-7.000
929,-18.264,-0.816,-44.800,-7.000
930,-18.284,-0.816,-44.800,-7.000
931,-18.304,-0.817,-44.800,-7.000
932,-18.324,-0.818,-44.800,-7.000
933,-18.344,-0.819,-44.800,-7.000
934,-18.363,-0.819,-44.800,-7.000
935,-18.383,-0.820,-44.800,-7.000
936,-18.403,-0.821,-44.800,-7.000
937,-18.423,-0.821,-44.800,-7.000
938,-18.443,-0.822,-44.800,-7.000
939,-18.463,-0.823,-44.800,-7.000
940,-18.482,-0.824,-44.800,-7.000
941,-18.502,-0.824,-44.800,-7.000
942,-18.522,-0.825,-44.800,-7.000
943,-18.542,-0.826,-44.800,-7.000
944,-18.562,-0.827,-44.800,-7.000
945,-18.582,-0.827,-44.800,-7.000
946,-18.601,-0.828,-44.800,-7.000
947,-18.621,-0.829,-44.800,-7.000
948,-18.641,-0.829,-44.800,-7.000
949,-18.661,-0.830,-44.800,-7.000
950,-18.681,-0.831,-44.800,-7.000
951,-18.701,-0.832,-44.800,-7.000
952,-18.720,-0.832,-44.800,-7.000
953,-18.740,-0.833,-44.800,-7.000
954,-18.760,-0.834,-44.800,-7.000
955,-18.780,-0.834,-44.800,-7.000
956,-18.800,-0.835,-44.800,-7.000
957,-18.820,-0.836,-44.800,-7.000
958,-18.839,-0.837,-44.800,-7.000
959,-18.859,-0.837,-44.800,-7.000
960,-18.879,-0.838,-44.800,-7.000
961,-18.899,-0.839,-44.800,-7.000
962,-18.919,-0.840,-44.800,-7.000
963,-18.939,-0.840,-44.800,-7.000
964,-18.958,-0.841,-44.800,-7.000
965,-18.978,-0.842,-44.800,-7.000
966,-18.998,-0.842,-44.800,-7.000
967,-19.018,-0.843,-44.800,-7.000
968,-19.038,-0.844,-44.800,-7.000
969,-19.057,-0.845,-44.800,-7.000
970,-19.077,-0.845,-44.800,-7.000
971,-19.097,-0.846,-44.800,-7.000
972,-19.117,-0.847,-44.800,-7.000
973,-19.137,-0.847,-44.800,-7.000
974,-19.157,-0.848,-44.800,-7.000
975,-19.176,-0.849,-44.800,-7.000
976,-19.196,-0.850,-44.800,-7.000
977,-19.216,-0.850,-44.800,-7.000
978,-19.236,-0.851,-44.800,-7.000
979,-19.256,-0.852,-44.800,-7.000
980,-19.276,-0.852,-44.800,-7.000
981,-19.295,-0.853,-44.800,-7.000
982,-19.315,-0.854,-44.800,-7.000
983,-19.335,-0.855,-44.800,-7.000
984,-19.355,-0.855,-44.800,-7.000
985,-19.375,-0.856,-44.800,-7.000
986,-19.395,-0.857,-44.800,-7.000
987,-19.414,-0.857,-44.800,-7.000
988,-19.434,-0.858,-44.800,-7.000
989,-19.454,-0.859,-44.800,-7.000
990,-19.472,-0.859,-44.800,-7.000
991,-19.492,-0.860,-44.800,-7.000
992,-19.510,-0.860,-44.800,-7.000
993,-19.530,-0.861,-44.800,-7.000
994,-19.548,-0.862,-44.800,-7.000
995,-19.568,-0.862,-44.800,-7.000
996,-19.586,-0.863,-44.800,-7.000
997,-19.606,-0.864,-44.800,-7.000
998,-19.624,-0.864,-44.800,-7.000
999,-19.644,-0.865,-44.800,-7.000
1000,-19.662,-0.866,-44.800,-7.000
1001,-19.681,-0.867,-44.800,-7.000
1002,-19.701,-0.868,-44.800,-7.000
1003,-19.719,-0.869,-44.800,-7.000
1004,-19.739,-0.870,-44.800,-7.000
1005,-19.757,-0.871,-44.800,-7.000
1006,-19.777,-0.872,-44.800,-7.000
1007,-19.795,-0.872,-44.800,-7.000
1008,-19.815,-0.874,-44.800,-7.000
1009,-19.833,-0.874,-44.800,-7.000
1010,-19.853,-0.876,-44.800,-7.000
1011,-19.871,-0.877,-44.800,-7.000
1012,-19.891,-0.878,-44.800,-7.000
1013,-19.909,-0.879,-44.800,-7.000
1014,-19.928,-0.880,-44.800,-7.000
1015,-19.946,-0.881,-44.800,-7.000
1016,-19.966,-0.883,-44.800,-7.000
1017,-19.984,-0.884,-44.800,-7.000
1018,-20.004,-0.885,-44.800,-7.000
1019,-20.022,-0.886,-44.800,-7.000
1020,-20.042,-0.888,-44.800,-7.000
1021,-20.062,-0.890,-44.800,-7.000
1022,-20.080,-0.891,-44.800,-7.000
1023,-20.099,-0.892,-44.800,-7.000
1024,-20.118,-0.894,-44.800,-7.000
1025,-20.137,-0.895,-44.800,-7.000
1026,-20.157,-0.897,-44.800,-7.000
1027,-20.177,-0.899,-44.800,-7.000
1028,-20.197,-0.901,-44.800,-7.000
1029,-20.216,-0.902,-44.800,-7.000
1030,-20.236,-0.904,-44.800,-7.000
1031,-20.256,-0.906,-44.800,-7.000
1032,-20.276,-0.907,-44.800,-7.000
1033,-20.295,-0.909,-44.800,-7.000
1034,-20.315,-0.911,-44.800,-7.000
1035,-20.335,-0.913,-44.800,-7.000
1036,-20.355,-0.914,-44.800,-7.000
1037,-20.374,-0.916,-44.800,-7.000
1038,-20.394,-0.918,-44.800,-7.000
1039,-20.414,-0.920,-44.800,-7.000
1040,-20.434,-0.921,-44.800,-7.000
1041,-20.453,-0.923,-44.800,-7.000
1042,-20.473,-0.925,-44.800,-7.000
1043,-20.493,-0.926,-44.800,-7.000
1044,-20.513,-0.928,-44.800,-7.000
1045,-20.532,-0.930,-44.800,-7.000
1046,-20.552,-0.932,-44.800,-7.000
1047,-20.572,-0.933,-44.800,-7.000
1048,-20.592,-0.935,-44.800,-7.000
1049,-20.611,-0.937,-44.800,-7.000
1050,-20.631,-0.939,-44.800,-7.000
1051,-20.651,-0.940,-44.800,-7.000
1052,-20.671,-0.942,-44.800,-7.000
1053,-20.691,-0.944,-44.800,-7.000
1054,-20.710,-0.945,-44.800,-7.000
1055,-20.730,-0.947,-44.800,-7.000
1056,-20.750,-0.949,-44.800,-7.000
1057,-20.770,-0.951,-44.800,-7.000
1058,-20.789,-0.952,-44.800,-7.000
1059,-20.809,-0.954,-44.800,-7.000
1060,-20.829,-0.956,-44.800,-7.000
1061,-20.849,-0.957,-44.800,-7.000
1062,-20.868,-0.959,-44.800,-7.000
1063,-20.888,-0.961,-44.800,-7.000
1064,-20.908,-0.963,-44.800,-7.000
1065,-20.928,-0.964,-44.800,-7.000
1066,-20.947,-0.966,-44.800,-7.000
1067,-20.967,-0.968,-44.800,-7.000
1068,-20.987,-0.970,-44.800,-7.000
1069,-21.007,-0.971,-44.800,-7.000
1070,-21.026,-0.973,-44.800,-7.000
1071,-21.046,-0.975,-44.800,-7.000
1072,-21.066,-0.977,-44.800,-7.000
1073,-21.086,-0.978,-44.800,-7.000
1074,-21.106,-0.980,-44.800,-7.000
1075,-21.125,-0.982,-44.800,-7.000
1076,-21.145,-0.983,-44.800,-7.000
1077,-21.165,-0.985,-44.800,-7.000
1078,-21.185,-0.987,-44.800,-7.000
1079,-21.204,-0.989,-44.800,-7.000
1080,-21.224,-0.990,-44.800,-7.000
1081,-21.244,-0.992,-44.800,-7.000
1082,-21.264,-0.994,-44.800,-7.000
1083,-21.283,-0.996,-44.800,-7.000
1084,-21.303,-0.997,-44.800,-7.000
1085,-21.323,-0.999,-44.800,-7.000
1086,-21.343,-1.001,-44.800,-7.000
1087,-21.362,-1.002,-44.800,-7.000
1088,-21.382,-1.004,-44.800,-7.000
1089,-21.402,-1.006,-44.800,-7.000
1090,-21.422,-1.008,-44.800,-7.000
1091,-21.441,-1.009,-44.800,-7.000
1092,-21.461,-1.011,-44.800,-7.000
1093,-21.481,-1.013,-44.800,-7.000
1094,-21.501,-1.015,-44.800,-7.000
1095,-21.520,-1.016,-44.800,-7.000
1096,-21.540,-1.018,-44.800,-7.000
1097,-21.560,-1.020,-44.800,-7.000
1098,-21.580,-1.021,-44.800,-7.000
1099,-21.600,-1.023,-44.800,-7.000
1100,-21.619,-1.025,-44.800,-7.000
1101,-21.639,-1.027,-44.800,-7.000
1102,-21.659,-1.028,-44.800,-7.000
1103,-21.679,-1.030,-44.800,-7.000
1104,-21.698,-1.032,-44.800,-7.000
1105,-21.718,-1.034,-44.800,-7.000
1106,-21.738,-1.035,-44.800,-7.000
1107,-21.758,-1.037,-44.800,-7.000
1108,-21.777,-1.039,-44.800,-7.000
1109,-21.797,-1.040,-44.800,-7.000
1110,-21.817,-1.042,-44.800,-7.000
1111,-21.837,-1.044,-44.800,-7.000
1112,-21.856,-1.046,-44.800,-7.000
1113,-21.876,-1.047,-44.800,-7.000
1114,-21.896,-1.049,-44.800,-7.000
1115,-21.916,-1.051,-44.800,-7.000
1116,-21.935,-1.053,-44.800,-7.000
1117,-21.955,-1.054,-44.800,-7.000
1118,-21.975,-1.056,-44.800,-7.000
1119,-21.995,-1.058,-44.800,-7.000
1120,-22.015,-1.059,-44.800,-7.000
1121,-22.034,-1.061,-44.800,-7.000
1122,-22.054,-1.063,-44.800,-7.000
1123,-22.074,-1.065,-44.800,-7.000
1124,-22.094,-1.066,-44.800,-7.000
1125,-22.113,-1.068,-44.800,-7.000
1126,-22.133,-1.070,-44.800,-7.000
1127,-22.153,-1.072,-44.800,-7.000
1128,-22.173,-1.073,-44.800,-7.000
1129,-22.192,-1.075,-44.800,-7.000
1130,-22.212,-1.077,-44.800,-7.000
1131,-22.232,-1.079,-44.800,-7.000
1132,-22.252,-1.080,-44.800,-7.000
1133,-22.271,-1.082,-44.800,-7.000
1134,-22.291,-1.084,-44.800,-7.000
1135,-22.311,-1.085,-44.800,-7.000
1136,-22.331,-1.087,-44.800,-7.000
1137,-22.350,-1.089,-44.800,-7.000
1138,-22.370,-1.091,-44.800,-7.000
1139,-22.390,-1.092,-44.800,-7.000
1140,-22.410,-1.094,-44.800,-7.000
1141,-22.430,-1.096,-44.800,-7.000
1142,-22.449,-1.098,-44.800,-7.000
1143,-22.469,-1.099,-44.800,-7.000
1144,-22.489,-1.101,-44.800,-7.000
1145,-22.509,-1.103,-44.800,-7.000
1146,-22.528,-1.104,-44.800,-7.000
1147,-22.548,-1.106,-44.800,-7.000
1148,-22.568,-1.108,-44.800,-7.000
1149,-22.588,-1.110,-44.800,-7.000
1150,-22.607,-1.111,-44.800,-7.000
1151,-22.627,-1.113,-44.800,-7.000
1152,-22.647,-1.115,-44.800,-7.000
1153,-22.667,-1.117,-44.800,-7.000
1154,-22.686,-1.118,-44.800,-7.000
1155,-22.706,-1.120,-44.800,-7.000
1156,-22.726,-1.122,-44.800,-7.000
1157,-22.746,-1.123,-44.800,-7.000
1158,-22.765,-1.125,-44.800,-7.000
1159,-22.785,-1.127,-44.800,-7.000
1160,-22.805,-1.129,-44.800,-7.000
1161,-22.825,-1.130,-44.800,-7.000
1162,-22.845,-1.132,-44.800,-7.000
1163,-22.864,-1.134,-44.800,-7.000
1164,-22.884,-1.136,-44.800,-7.000
1165,-22.904,-1.137,-44.800,-7.000
1166,-22.924,-1.139,-44.800,-7.000
1167,-22.943,-1.141,-44.800,-7.000
1168,-22.963,-1.143,-44.800,-7.000
1169,-22.983,-1.144,-44.800,-7.000
1170,-23.003,-1.146,-44.800,-7.000
1171,-23.022,-1.148,-44.800,-7.000
1172,-23.042,-1.149,-44.800,-7.000
1173,-23.062,-1.151,-44.800,-7.000
1174,-23.082,-1.153,-44.800,-7.000
1175,-23.101,-1.155,-44.800,-7.000
1176,-23.121,-1.156,-44.800,-7.000
1177,-23.141,-1.158,-44.800,-7.000
1178,-23.161,-1.160,-44.800,-7.000
1179,-23.181,-1.162,-44.800,-7.000
1180,-23.200,-1.163,-44.800,-7.000
1181,-23.220,-1.165,-44.800,-7.000
1182,-23.240,-1.167,-44.800,-7.000
1183,-23.260,-1.169,-44.800,-7.000
1184,-23.279,-1.170,-44.800,-7.000
1185,-23.299,-1.172,-44.800,-7.000
1186,-23.319,-1.174,-44.800,-7.000
1187,-23.339,-1.176,-44.800,-7.000
1188,-23.358,-1.177,-44.800,-7.000
1189,-23.378,-1.179,-44.800,-7.000
1190,-23.398,-1.181,-44.800,-7.000
1191,-23.418,-1.183,-44.800,-7.000
1192,-23.438,-1.184,-44.800,-7.000
1193,-23.457,-1.186,-44.800,-7.000
1194,-23.477,-1.188,-44.800,-7.000
1195,-23.497,-1.190,-44.800,-7.000
1196,-23.515,-1.191,-44.800,-7.000
1197,-23.535,-1.193,-44.800,-7.000
1198,-23.553,-1.194,-44.800,-7.000
1199,-23.572,-1.196,-44.800,-7.000
1200,-23.591,-1.197,-44.800,-7.000
1201,-23.610,-1.198,-44.800,-7.000
1202,-23.628,-1.199,-44.800,-7.000
1203,-23.648,-1.201,-44.800,-7.000
1204,-23.666,-1.202,-44.800,-7.000
1205,-23.686,-1.203,-44.800,-7.000
1206,-23.704,-1.205,-44.800,-7.000
1207,-23.720,-1.205,-44.800,-7.000
1208,-23.738,-1.206,-44.800,-7.000
1209,-23.755,-1.206,-44.800,-7.000
1210,-23.771,-1.206,-44.800,-7.000
1211,-23.789,-1.206,-44.800,-7.000
1212,-23.805,-1.206,-44.800,-7.000
1213,-23.823,-1.206,-44.800,-7.000
1214,-23.839,-1.205,-44.800,-7.000
1215,-23.857,-1.204,-44.800,-7.000
1216,-23.874,-1.203,-44.800,-7.000
1217,-23.892,-1.202,-44.800,-7.000
1218,-23.911,-1.202,-44.800,-7.000
1219,-23.929,-1.201,-44.800,-7.000
1220,-23.949,-1.200,-44.800,-7.000
1221,-23.967,-1.199,-44.800,-7.000
1222,-23.983,-1.197,-44.800,-7.000
1223,-24.001,-1.196,-44.800,-7.000
1224,-24.017,-1.194,-44.800,-7.000
1225,-24.035,-1.192,-44.800,-7.000
1226,-24.051,-1.190,-44.800,-7.000
1227,-24.069,-1.188,-44.800,-7.000
1228,-24.088,-1.186,-44.800,-7.000
1229,-24.106,-1.184,-44.800,-7.000
1230,-24.126,-1.182,-44.800,-7.000
1231,-24.145,-1.180,-44.800,-7.000
1232,-24.165,-1.178,-44.800,-7.000
1233,-24.185,-1.177,-44.800,-7.000
1234,-24.205,-1.175,-44.800,-7.000
1235,-24.225,-1.173,-44.800,-7.000
1236,-24.244,-1.172,-44.800,-7.000
1237,-24.264,-1.170,-44.800,-7.000
1238,-24.284,-1.168,-44.800,-7.000
1239,-24.304,-1.166,-44.800,-7.000
1240,-24.323,-1.165,-44.800,-7.000
1241,-24.343,-1.163,-44.800,-7.000
1242,-24.363,-1.161,-44.800,-7.000
1243,-24.383,-1.160,-44.800,-7.000
1244,-24.403,-1.158,-44.800,-7.000
1245,-24.422,-1.156,-44.800,-7.000
1246,-24.442,-1.155,-44.800,-7.000
1247,-24.462,-1.153,-44.800,-7.000
1248,-24.482,-1.151,-44.800,-7.000
1249,-24.501,-1.149,-44.800,-7.000
1250,-24.521,-1.148,-44.800,-7.000
1251,-24.541,-1.146,-44.800,-7.000
1252,-24.561,-1.144,-44.800,-7.000
1253,-24.581,-1.143,-44.800,-7.000
1254,-24.600,-1.141,-44.800,-7.000
1255,-24.620,-1.139,-44.800,-7.000
1256,-24.640,-1.137,-44.800,-7.000
1257,-24.660,-1.136,-44.800,-7.000
1258,-24.679,-1.134,-44.800,-7.000
1259,-24.699,-1.132,-44.800,-7.000
1260,-24.719,-1.131,-44.800,-7.000
1261,-24.739,-1.129,-44.800,-7.000
1262,-24.759,-1.127,-44.800,-7.000
1263,-24.778,-1.125,-44.800,-7.000
1264,-24.798,-1.124,-44.800,-7.000
1265,-24.818,-1.122,-44.800,-7.000
1266,-24.838,-1.120,-44.800,-7.000
1267,-24.857,-1.119,-44.800,-7.000
1268,-24.877,-1.117,-44.800,-7.000
1269,-24.897,-1.115,-44.800,-7.000
1270,-24.917,-1.113,-44.800,-7.000
1271,-24.937,-1.112,-44.800,-7.000
1272,-24.956,-1.110,-44.800,-7.000
1273,-24.976,-1.108,-44.800,-7.000
1274,-24.996,-1.107,-44.800,-7.000
1275,-25.016,-1.105,-44.800,-7.000
1276,-25.035,-1.103,-44.800,-7.000
1277,-25.055,-1.102,-44.800,-7.000
1278,-25.075,-1.100,-44.800,-7.000
1279,-25.095,-1.098,-44.800,-7.000
1280,-25.115,-1.096,-44.800,-7.000
1281,-25.134,-1.095,-44.800,-7.000
1282,-25.154,-1.093,-44.800,-7.000
1283,-25.174,-1.091,-44.800,-7.000
1284,-25.194,-1.090,-44.800,-7.000
1285,-25.214,-1.088,-44.800,-7.000
1286,-25.233,-1.086,-44.800,-7.000
1287,-25.253,-1.085,-44.800,-7.000
1288,-25.273,-1.083,-44.800,-7.000
1289,-25.293,-1.081,-44.800,-7.000
1290,-25.312,-1.079,-44.800,-7.000
1291,-25.332,-1.078,-44.800,-7.000
1292,-25.352,-1.076,-44.800,-7.000
1293,-25.372,-1.074,-44.800,-7.000
1294,-25.392,-1.073,-44.800,-7.000
1295,-25.411,-1.071,-44.800,-7.000
1296,-25.431,-1.069,-44.800,-7.000
1297,-25.451,-1.068,-44.800,-7.000
1298,-25.469,-1.066,-44.800,-7.000
1299,-25.486,-1.064,-44.800,-7.000
1300,-25.503,-1.061,-44.800,-7.000
1301,-25.519,-1.059,-44.800,-7.000
1302,-25.535,-1.056,-44.800,-7.000
1303,-25.552,-1.053,-44.800,-7.000
1304,-25.568,-1.050,-44.800,-7.000
1305,-25.584,-1.047,-44.800,-7.000
1306,-25.602,-1.044,-44.800,-7.000
1307,-25.621,-1.043,-44.800,-7.000
1308,-25.641,-1.043,-44.800,-7.000
1309,-25.661,-1.042,-44.800,-7.000
1310,-25.681,-1.043,-44.800,-7.000
1311,-25.701,-1.044,-44.800,-7.000
1312,-25.721,-1.046,-44.800,-7.000
1313,-25.741,-1.048,-44.800,-7.000
1314,-25.760,-1.050,-44.800,-7.000
1315,-25.780,-1.053,-44.800,-7.000
1316,-25.800,-1.055,-44.800,-7.000
1317,-25.819,-1.057,-44.800,-7.000
1318,-25.839,-1.059,-44.800,-7.000
1319,-25.859,-1.062,-44.800,-7.000
1320,-25.879,-1.064,-44.800,-7.000
1321,-25.898,-1.066,-44.800,-7.000
1322,-25.918,-1.068,-44.800,-7.000
1323,-25.938,-1.071,-44.800,-7.000
1324,-25.958,-1.073,-44.800,-7.000
1325,-25.977,-1.075,-44.800,-7.000
1326,-25.997,-1.077,-44.800,-7.000
1327,-26.017,-1.079,-44.800,-7.000
1328,-26.036,-1.082,-44.800,-7.000
1329,-26.056,-1.084,-44.800,-7.000
1330,-26.076,-1.086,-44.800,-7.000
1331,-26.096,-1.088,-44.800,-7.000
1332,-26.115,-1.091,-44.800,-7.000
1333,-26.135,-1.093,-44.800,-7.000
1334,-26.155,-1.095,-44.800,-7.000
1335,-26.175,-1.097,-44.800,-7.000
1336,-26.194,-1.100,-44.800,-7.000
1337,-26.214,-1.102,-44.800,-7.000
1338,-26.234,-1.104,-44.800,-7.000
1339,-26.253,-1.106,-44.800,-7.000
1340,-26.273,-1.109,-44.800,-7.000
1341,-26.293,-1.111,-44.800,-7.000
1342,-26.313,-1.113,-44.800,-7.000
1343,-26.332,-1.115,-44.800,-7.000
1344,-26.352,-1.118,-44.800,-7.000
1345,-26.372,-1.120,-44.800,-7.000
1346,-26.392,-1.122,-44.800,-7.000
1347,-26.411,-1.124,-44.800,-7.000
1348,-26.431,-1.126,-44.800,-7.000
1349,-26.451,-1.129,-44.800,-7.000
1350,-26.470,-1.131,-44.800,-7.000
1351,-26.490,-1.133,-44.800,-7.000
1352,-26.510,-1.135,-44.800,-7.000
1353,-26.530,-1.138,-44.800,-7.000
1354,-26.549,-1.140,-44.800,-7.000
1355,-26.569,-1.142,-44.800,-7.000
1356,-26.589,-1.144,-44.800,-7.000
1357,-26.608,-1.147,-44.800,-7.000
1358,-26.628,-1.149,-44.800,-7.000
1359,-26.648,-1.151,-44.800,-7.000
1360,-26.668,-1.153,-44.800,-7.000
1361,-26.687,-1.156,-44.800,-7.000
1362,-26.707,-1.158,-44.800,-7.000
1363,-26.727,-1.160,-44.800,-7.000
1364,-26.747,-1.162,-44.800,-7.000
1365,-26.766,-1.165,-44.800,-7.000
1366,-26.786,-1.167,-44.800,-7.000
1367,-26.806,-1.169,-44.800,-7.000
1368,-26.825,-1.171,-44.800,-7.000
1369,-26.845,-1.174,-44.800,-7.000
1370,-26.865,-1.176,-44.800,-7.000
1371,-26.885,-1.178,-44.800,-7.000
1372,-26.904,-1.180,-44.800,-7.000
1373,-26.924,-1.182,-44.800,-7.000
1374,-26.944,-1.185,-44.800,-7.000
1375,-26.964,-1.187,-44.800,-7.000
1376,-26.983,-1.189,-44.800,-7.000
1377,-27.003,-1.191,-44.800,-7.000
1378,-27.023,-1.194,-44.800,-7.000
1379,-27.042,-1.196,-44.800,-7.000
1380,-27.062,-1.198,-44.800,-7.000
1381,-27.082,-1.200,-44.800,-7.000
1382,-27.102,-1.203,-44.800,-7.000
1383,-27.121,-1.205,-44.800,-7.000
1384,-27.141,-1.207,-44.800,-7.000
1385,-27.161,-1.209,-44.800,-7.000
1386,-27.180,-1.212,-44.800,-7.000
1387,-27.200,-1.214,-44.800,-7.000
1388,-27.220,-1.216,-44.800,-7.000
1389,-27.240,-1.219,-44.800,-7.000
1390,-27.259,-1.221,-44.800,-7.000
1391,-27.279,-1.223,-44.800,-7.000
1392,-27.299,-1.225,-44.800,-7.000
1393,-27.319,-1.228,-44.800,-7.000
1394,-27.338,-1.230,-44.800,-7.000
1395,-27.358,-1.232,-44.800,-7.000
1396,-27.378,-1.234,-44.800,-7.000
1397,-27.397,-1.237,-44.800,-7.000
1398,-27.417,-1.239,-44.800,-7.000
1399,-27.437,-1.241,-44.800,-7.000
1400,-27.457,-1.243,-44.800,-7.000
1401,-27.476,-1.246,-44.800,-7.000
1402,-27.496,-1.248,-44.800,-7.000
1403,-27.516,-1.250,-44.800,-7.000
1404,-27.536,-1.252,-44.800,-7.000
1405,-27.555,-1.255,-44.800,-7.000
1406,-27.575,-1.257,-44.800,-7.000
1407,-27.595,-1.259,-44.800,-7.000
1408,-27.614,-1.261,-44.800,-7.000
1409,-27.634,-1.264,-44.800,-7.000
1410,-27.654,-1.266,-44.800,-7.000
1411,-27.674,-1.268,-44.800,-7.000
1412,-27.693,-1.270,-44.800,-7.000
1413,-27.713,-1.273,-44.800,-7.000
1414,-27.733,-1.275,-44.800,-7.000
1415,-27.753,-1.277,-44.800,-7.000
1416,-27.772,-1.279,-44.800,-7.000
1417,-27.792,-1.282,-44.800,-7.000
1418,-27.812,-1.284,-44.800,-7.000
1419,-27.831,-1.286,-44.800,-7.000
1420,-27.851,-1.288,-44.800,-7.000
1421,-27.871,-1.291,-44.800,-7.000
1422,-27.891,-1.293,-44.800,-7.000
1423,-27.910,-1.295,-44.800,-7.000
1424,-27.930,-1.297,-44.800,-7.000
1425,-27.950,-1.300,-44.800,-7.000
1426,-27.970,-1.302,-44.800,-7.000
1427,-27.989,-1.304,-44.800,-7.000
1428,-28.009,-1.306,-44.800,-7.000
1429,-28.029,-1.309,-44.800,-7.000
1430,-28.048,-1.311,-44.800,-7.000
1431,-28.068,-1.313,-44.800,-7.000
1432,-28.088,-1.315,-44.800,-7.000
1433,-28.108,-1.318,-44.800,-7.000
1434,-28.127,-1.320,-44.800,-7.000
1435,-28.145,-1.322,-44.800,-7.000
1436,-28.162,-1.323,-44.800,-7.000
1437,-28.176,-1.324,-44.800,-7.000
1438,-28.189,-1.324,-44.800,-7.000
1439,-28.200,-1.324,-44.800,-7.000
1440,-28.209,-1.324,-44.800,-7.000
1441,-28.220,-1.324,-44.800,-7.000
1442,-28.233,-1.325,-44.800,-7.000
1443,-28.244,-1.326,-44.800,-7.000
1444,-28.257,-1.328,-44.800,-7.000
1445,-28.271,-1.330,-44.800,-7.000
1446,-28.287,-1.332,-44.800,-7.000
1447,-28.303,-1.334,-44.800,-7.000
1448,-28.316,-1.336,-44.800,-7.000
1449,-28.329,-1.338,-44.800,-7.000
1450,-28.339,-1.339,-44.800,-7.000
1451,-28.351,-1.342,-44.800,-7.000
1452,-28.365,-1.346,-44.800,-7.000
1453,-28.380,-1.351,-44.800,-7.000
1454,-28.396,-1.357,-44.800,-7.000
1455,-28.414,-1.365,-44.800,-7.000
1456,-28.431,-1.373,-44.800,-7.000
1457,-28.449,-1.381,-44.800,-7.000
1458,-28.467,-1.389,-44.800,-7.000
1459,-28.485,-1.398,-44.800,-7.000
1460,-28.503,-1.407,-44.800,-7.000
1461,-28.521,-1.416,-44.800,-7.000
1462,-28.538,-1.424,-44.800,-7.000
1463,-28.556,-1.433,-44.800,-7.000
1464,-28.574,-1.442,-44.800,-7.000
1465,-28.592,-1.451,-44.800,-7.000
1466,-28.610,-1.459,-44.800,-7.000
1467,-28.627,-1.468,-44.800,-7.000
1468,-28.645,-1.477,-44.800,-7.000
1469,-28.663,-1.486,-44.800,-7.000
1470,-28.681,-1.494,-44.800,-7.000
1471,-28.697,-1.503,-44.800,-7.000
1472,-28.712,-1.510,-44.800,-7.000
1473,-28.725,-1.517,-44.800,-7.000
1474,-28.739,-1.524,-44.800,-7.000
1475,-28.755,-1.532,-44.800,-7.000
1476,-28.773,-1.541,-44.800,-7.000
1477,-28.791,-1.550,-44.800,-7.000
1478,-28.808,-1.560,-44.800,-7.000
1479,-28.826,-1.569,-44.800,-7.000
1480,-28.843,-1.578,-44.800,-7.000
1481,-28.861,-1.587,-44.800,-7.000
1482,-28.879,-1.596,-44.800,-7.000
1483,-28.896,-1.605,-44.800,-7.000
1484,-28.914,-1.615,-44.800,-7.000
1485,-28.932,-1.624,-44.800,-7.000
1486,-28.949,-1.633,-44.800,-7.000
1487,-28.967,-1.642,-44.800,-7.000
1488,-28.984,-1.651,-44.800,-7.000
1489,-29.002,-1.660,-44.800,-7.000
1490,-29.020,-1.670,-44.800,-7.000
1491,-29.037,-1.679,-44.800,-7.000
1492,-29.055,-1.688,-44.800,-7.000
1493,-29.072,-1.697,-44.800,-7.000
1494,-29.090,-1.706,-44.800,-7.000
1495,-29.108,-1.715,-44.800,-7.000
1496,-29.125,-1.725,-44.800,-7.000
1497,-29.143,-1.734,-44.800,-7.000
1498,-29.160,-1.743,-44.800,-7.000
1499,-29.178,-1.752,-44.800,-7.000
1500,-29.196,-1.761,-44.800,-7.000
1501,-29.213,-1.771,-44.800,-7.000
1502,-29.231,-1.780,-44.800,-7.000
1503,-29.248,-1.789,-44.800,-7.000
1504,-29.266,-1.798,-44.800,-7.000
1505,-29.284,-1.807,-44.800,-7.000
1506,-29.301,-1.816,-44.800,-7.000
1507,-29.319,-1.826,-44.800,-7.000
1508,-29.337,-1.835,-44.800,-7.000
1509,-29.354,-1.844,-44.800,-7.000
1510,-29.372,-1.853,-44.800,-7.000
1511,-29.389,-1.862,-44.800,-7.000
1512,-29.407,-1.871,-44.800,-7.000
1513,-29.425,-1.881,-44.800,-7.000
1514,-29.442,-1.890,-44.800,-7.000
1515,-29.460,-1.899,-44.800,-7.000
1516,-29.477,-1.908,-44.800,-7.000
1517,-29.495,-1.917,-44.800,-7.000
1518,-29.513,-1.927,-44.800,-7.000
1519,-29.530,-1.936,-44.800,-7.000
1520,-29.548,-1.945,-44.800,-7.000
1521,-29.565,-1.954,-44.800,-7.000
1522,-29.583,-1.963,-44.800,-7.000
1523,-29.601,-1.972,-44.800,-7.000
1524,-29.618,-1.982,-44.800,-7.000
1525,-29.636,-1.991,-44.800,-7.000
1526,-29.653,-2.000,-44.800,-7.000
1527,-29.671,-2.009,-44.800,-7.000
1528,-29.689,-2.018,-44.800,-7.000
1529,-29.706,-2.028,-44.800,-7.000
1530,-29.724,-2.037,-44.800,-7.000
1531,-29.741,-2.046,-44.800,-7.000
1532,-29.759,-2.055,-44.800,-7.000
1533,-29.777,-2.064,-44.800,-7.000
1534,-29.794,-2.073,-44.800,-7.000
1535,-29.812,-2.083,-44.800,-7.000
1536,-29.830,-2.092,-44.800,-7.000
1537,-29.847,-2.101,-44.800,-7.000
1538,-29.865,-2.110,-44.800,-7.000
1539,-29.882,-2.119,-44.800,-7.000
1540,-29.900,-2.128,-44.800,-7.000
1541,-29.918,-2.138,-44.800,-7.000
1542,-29.935,-2.147,-44.800,-7.000
1543,-29.953,-2.156,-44.800,-7.000
1544,-29.970,-2.165,-44.800,-7.000
1545,-29.988,-2.174,-44.800,-7.000
1546,-30.006,-2.184,-44.800,-7.000
1547,-30.023,-2.193,-44.800,-7.000
1548,-30.041,-2.202,-44.800,-7.000
1549,-30.058,-2.211,-44.800,-7.000
1550,-30.076,-2.220,-44.800,-7.000
1551,-30.094,-2.229,-44.800,-7.000
1552,-30.111,-2.239,-44.800,-7.000
1553,-30.129,-2.248,-44.800,-7.000
1554,-30.146,-2.257,-44.800,-7.000
1555,-30.164,-2.266,-44.800,-7.000
1556,-30.182,-2.275,-44.800,-7.000
1557,-30.199,-2.285,-44.800,-7.000
1558,-30.217,-2.294,-44.800,-7.000
1559,-30.234,-2.303,-44.800,-7.000
1560,-30.252,-2.312,-44.800,-7.000
1561,-30.270,-2.321,-44.800,-7.000
1562,-30.287,-2.330,-44.800,-7.000
1563,-30.305,-2.340,-44.800,-7.000
1564,-30.323,-2.349,-44.800,-7.000
1565,-30.340,-2.358,-44.800,-7.000
1566,-30.358,-2.367,-44.800,-7.000
1567,-30.375,-2.376,-44.800,-7.000
1568,-30.393,-2.386,-44.800,-7.000
1569,-30.411,-2.395,-44.800,-7.000
1570,-30.428,-2.404,-44.800,-7.000
1571,-30.446,-2.413,-44.800,-7.000
1572,-30.463,-2.422,-44.800,-7.000
1573,-30.481,-2.431,-44.800,-7.000
1574,-30.499,-2.441,-44.800,-7.000
1575,-30.516,-2.450,-44.800,-7.000
1576,-30.534,-2.459,-44.800,-7.000
1577,-30.551,-2.468,-44.800,-7.000
1578,-30.569,-2.477,-44.800,-7.000
1579,-30.587,-2.486,-44.800,-7.000
1580,-30.604,-2.496,-44.800,-7.000
1581,-30.622,-2.505,-44.800,-7.000
1582,-30.639,-2.514,-44.800,-7.000
1583,-30.657,-2.523,-44.800,-7.000
1584,-30.675,-2.532,-44.800,-7.000
1585,-30.692,-2.542,-44.800,-7.000
1586,-30.710,-2.551,-44.800,-7.000
1587,-30.727,-2.560,-44.800,-7.000
1588,-30.745,-2.569,-44.800,-7.000
1589,-30.763,-2.578,-44.800,-7.000
1590,-30.780,-2.587,-44.800,-7.000
1591,-30.798,-2.597,-44.800,-7.000
1592,-30.815,-2.606,-44.800,-7.000
1593,-30.833,-2.615,-44.800,-7.000
1594,-30.851,-2.624,-44.800,-7.000
1595,-30.868,-2.633,-44.800,-7.000
1596,-30.886,-2.643,-44.800,-7.000
1597,-30.904,-2.652,-44.800,-7.000
1598,-30.921,-2.661,-44.800,-7.000
1599,-30.939,-2.670,-44.800,-7.000
1600,-30.956,-2.679,-44.800,-7.000
1601,-30.974,-2.688,-44.800,-7.000
1602,-30.992,-2.698,-44.800,-7.000
1603,-31.009,-2.707,-44.800,-7.000
1604,-31.027,-2.716,-44.800,-7.000
1605,-31.044,-2.725,-44.800,-7.000
1606,-31.062,-2.734,-44.800,-7.000
1607,-31.080,-2.744,-44.800,-7.000
1608,-31.097,-2.753,-44.800,-7.000
1609,-31.115,-2.762,-44.800,-7.000
1610,-31.132,-2.771,-44.800,-7.000
1611,-31.150,-2.780,-44.800,-7.000
1612,-31.168,-2.789,-44.800,-7.000
1613,-31.185,-2.799,-44.800,-7.000
1614,-31.203,-2.808,-44.800,-7.000
1615,-31.220,-2.817,-44.800,-7.000
1616,-31.238,-2.826,-44.800,-7.000
1617,-31.256,-2.835,-44.800,-7.000
1618,-31.273,-2.845,-44.800,-7.000
1619,-31.291,-2.854,-44.800,-7.000
1620,-31.308,-2.863,-44.800,-7.000
1621,-31.326,-2.872,-44.800,-7.000
1622,-31.344,-2.881,-44.800,-7.000
1623,-31.361,-2.890,-44.800,-7.000
1624,-31.379,-2.900,-44.800,-7.000
1625,-31.396,-2.909,-44.800,-7.000
1626,-31.414,-2.918,-44.800,-7.000
1627,-31.432,-2.927,-44.800,-7.000
1628,-31.449,-2.936,-44.800,-7.000
1629,-31.467,-2.946,-44.800,-7.000
1630,-31.484,-2.955,-44.800,-7.000
1631,-31.502,-2.964,-44.800,-7.000
1632,-31.520,-2.973,-44.800,-7.000
1633,-31.537,-2.982,-44.800,-7.000
1634,-31.555,-2.992,-44.800,-7.000
1635,-31.572,-3.001,-44.800,-7.000
1636,-31.590,-3.010,-44.800,-7.000
1637,-31.608,-3.019,-44.800,-7.000
1638,-31.625,-3.028,-44.800,-7.000
1639,-31.643,-3.038,-44.800,-7.000
1640,-31.660,-3.047,-44.800,-7.000
1641,-31.678,-3.056,-44.800,-7.000
1642,-31.696,-3.065,-44.800,-7.000
1643,-31.713,-3.074,-44.800,-7.000
1644,-31.731,-3.083,-44.800,-7.000
1645,-31.748,-3.093,-44.800,-7.000
1646,-31.766,-3.102,-44.800,-7.000
1647,-31.784,-3.111,-44.800,-7.000
1648,-31.801,-3.120,-44.800,-7.000
1649,-31.819,-3.129,-44.800,-7.000
1650,-31.836,-3.139,-44.800,-7.000
1651,-31.854,-3.148,-44.800,-7.000
1652,-31.872,-3.157,-44.800,-7.000
1653,-31.889,-3.166,-44.800,-7.000
1654,-31.907,-3.175,-44.800,-7.000
1655,-31.924,-3.185,-44.800,-7.000
1656,-31.942,-3.194,-44.800,-7.000
1657,-31.960,-3.203,-44.800,-7.000
1658,-31.977,-3.212,-44.800,-7.000
1659,-31.995,-3.221,-44.800,-7.000
1660,-32.012,-3.231,-44.800,-7.000
1661,-32.030,-3.240,-44.800,-7.000
1662,-32.048,-3.249,-44.800,-7.000
1663,-32.065,-3.258,-44.800,-7.000
1664,-32.083,-3.267,-44.800,-7.000
1665,-32.100,-3.276,-44.800,-7.000
1666,-32.118,-3.286,-44.800,-7.000
1667,-32.136,-3.295,-44.800,-7.000
1668,-32.153,-3.304,-44.800,-7.000
1669,-32.171,-3.313,-44.800,-7.000
1670,-32.188,-3.322,-44.800,-7.000
1671,-32.206,-3.332,-44.800,-7.000
1672,-32.224,-3.341,-44.800,-7.000
1673,-32.241,-3.350,-44.800,-7.000
1674,-32.259,-3.359,-44.800,-7.000
1675,-32.276,-3.368,-44.800,-7.000
1676,-32.294,-3.378,-44.800,-7.000
1677,-32.312,-3.387,-44.800,-7.000
1678,-32.329,-3.396,-44.800,-7.000
1679,-32.347,-3.405,-44.800,-7.000
1680,-32.364,-3.414,-44.800,-7.000
1681,-32.382,-3.423,-44.800,-7.000
1682,-32.400,-3.433,-44.800,-7.000
1683,-32.417,-3.442,-44.800,-7.000
1684,-32.435,-3.451,-44.800,-7.000
1685,-32.452,-3.460,-44.800,-7.000
1686,-32.470,-3.469,-44.800,-7.000
1687,-32.488,-3.479,-44.800,-7.000
1688,-32.505,-3.488,-44.800,-7.000
1689,-32.523,-3.497,-44.800,-7.000
1690,-32.540,-3.506,-44.800,-7.000
1691,-32.558,-3.515,-44.800,-7.000
1692,-32.576,-3.525,-44.800,-7.000
1693,-32.593,-3.534,-44.800,-7.000
1694,-32.611,-3.543,-44.800,-7.000
1695,-32.629,-3.552,-44.800,-7.000
1696,-32.646,-3.561,-44.800,-7.000
1697,-32.664,-3.570,-44.800,-7.000
1698,-32.681,-3.580,-44.800,-7.000
1699,-32.699,-3.589,-44.800,-7.000
1700,-32.717,-3.598,-44.800,-7.000
1701,-32.734,-3.607,-44.800,-7.000
1702,-32.752,-3.616,-44.800,-7.000
1703,-32.769,-3.626,-44.800,-7.000
1704,-32.787,-3.635,-44.800,-7.000
1705,-32.805,-3.644,-44.800,-7.000
1706,-32.822,-3.653,-44.800,-7.000
1707,-32.840,-3.662,-44.800,-7.000
1708,-32.857,-3.672,-44.800,-7.000
1709,-32.875,-3.681,-44.800,-7.000
1710,-32.893,-3.690,-44.800,-7.000
1711,-32.910,-3.699,-44.800,-7.000
1712,-32.928,-3.708,-44.800,-7.000
1713,-32.945,-3.717,-44.800,-7.000
1714,-32.963,-3.727,-44.800,-7.000
1715,-32.981,-3.736,-44.800,-7.000
1716,-32.998,-3.745,-44.800,-7.000
1717,-33.016,-3.754,-44.800,-7.000
1718,-33.033,-3.763,-44.800,-7.000
1719,-33.051,-3.773,-44.800,-7.000
1720,-33.069,-3.782,-44.800,-7.000
1721,-33.086,-3.791,-44.800,-7.000
1722,-33.104,-3.800,-44.800,-7.000
1723,-33.121,-3.809,-44.800,-7.000
1724,-33.139,-3.819,-44.800,-7.000
1725,-33.157,-3.828,-44.800,-7.000
1726,-33.174,-3.837,-44.800,-7.000
1727,-33.192,-3.846,-44.800,-7.000
1728,-33.209,-3.855,-44.800,-7.000
1729,-33.227,-3.865,-44.800,-7.000
1730,-33.245,-3.874,-44.800,-7.000
1731,-33.262,-3.883,-44.800,-7.000
1732,-33.280,-3.892,-44.800,-7.000
1733,-33.297,-3.901,-44.800,-7.000
1734,-33.315,-3.910,-44.800,-7.000
1735,-33.333,-3.920,-44.800,-7.000
1736,-33.350,-3.929,-44.800,-7.000
1737,-33.368,-3.938,-44.800,-7.000
1738,-33.385,-3.947,-44.800,-7.000
1739,-33.403,-3.956,-44.800,-7.000
1740,-33.421,-3.966,-44.800,-7.000
1741,-33.438,-3.975,-44.800,-7.000
1742,-33.456,-3.984,-44.800,-7.000
1743,-33.473,-3.993,-44.800,-7.000
1744,-33.491,-4.002,-44.800,-7.000
1745,-33.508,-4.012,-44.800,-7.000
1746,-33.526,-4.021,-44.800,-7.000
1747,-33.544,-4.030,-44.800,-7.000
1748,-33.561,-4.039,-44.800,-7.000
1749,-33.579,-4.048,-44.800,-7.000
1750,-33.596,-4.057,-44.800,-7.000
1751,-33.614,-4.067,-44.800,-7.000
1752,-33.632,-4.076,-44.800,-7.000
1753,-33.649,-4.085,-44.800,-7.000
1754,-33.667,-4.094,-44.800,-7.000
1755,-33.684,-4.103,-44.800,-7.000
1756,-33.702,-4.113,-44.800,-7.000
1757,-33.720,-4.122,-44.800,-7.000
1758,-33.737,-4.131,-44.800,-7.000
1759,-33.755,-4.140,-44.800,-7.000
1760,-33.772,-4.149,-44.800,-7.000
1761,-33.790,-4.159,-44.800,-7.000
1762,-33.808,-4.168,-44.800,-7.000
1763,-33.825,-4.177,-44.800,-7.000
1764,-33.843,-4.186,-44.800,-7.000
1765,-33.860,-4.195,-44.800,-7.000
1766,-33.878,-4.204,-44.800,-7.000
1767,-33.896,-4.214,-44.800,-7.000
1768,-33.913,-4.223,-44.800,-7.000
1769,-33.931,-4.232,-44.800,-7.000
1770,-33.948,-4.241,-44.800,-7.000
1771,-33.966,-4.250,-44.800,-7.000
1772,-33.984,-4.260,-44.800,-7.000
1773,-34.001,-4.269,-44.800,-7.000
1774,-34.019,-4.278,-44.800,-7.000
1775,-34.036,-4.287,-44.800,-7.000
1776,-34.054,-4.296,-44.800,-7.000
1777,-34.072,-4.306,-44.800,-7.000
1778,-34.089,-4.315,-44.800,-7.000
1779,-34.107,-4.324,-44.800,-7.000
1780,-34.124,-4.333,-44.800,-7.000
1781,-34.142,-4.342,-44.800,-7.000
1782,-34.160,-4.352,-44.800,-7.000
1783,-34.177,-4.361,-44.800,-7.000
1784,-34.195,-4.370,-44.800,-7.000
1785,-34.212,-4.379,-44.800,-7.000
1786,-34.230,-4.388,-44.800,-7.000
1787,-34.248,-4.397,-44.800,-7.000
1788,-34.265,-4.407,-44.800,-7.000
1789,-34.283,-4.416,-44.800,-7.000
1790,-34.300,-4.425,-44.800,-7.000
1791,-34.318,-4.434,-44.800,-7.000
1792,-34.336,-4.443,-44.800,-7.000
1793,-34.353,-4.453,-44.800,-7.000
1794,-34.371,-4.462,-44.800,-7.000
1795,-34.388,-4.471,-44.800,-7.000
1796,-34.406,-4.480,-44.800,-7.000
1797,-34.424,-4.489,-44.800,-7.000
1798,-34.441,-4.499,-44.800,-7.000
1799,-34.459,-4.508,-44.800,-7.000
1800,-34.476,-4.517,-44.800,-7.000
1801,-34.494,-4.526,-44.800,-7.000
1802,-34.512,-4.535,-44.800,-7.000
1803,-34.529,-4.545,-44.800,-7.000
1804,-34.547,-4.554,-44.800,-7.000
1805,-34.564,-4.563,-44.800,-7.000
1806,-34.582,-4.572,-44.800,-7.000
1807,-34.600,-4.581,-44.800,-7.000
1808,-34.617,-4.590,-44.800,-7.000
1809,-34.635,-4.600,-44.800,-7.000
1810,-34.652,-4.609,-44.800,-7.000
1811,-34.670,-4.618,-44.800,-7.000
1812,-34.688,-4.627,-44.800,-7.000
1813,-34.705,-4.636,-44.800,-7.000
1814,-34.723,-4.646,-44.800,-7.000
1815,-34.740,-4.655,-44.800,-7.000
1816,-34.758,-4.664,-44.800,-7.000
1817,-34.776,-4.673,-44.800,-7.000
1818,-34.793,-4.682,-44.800,-7.000
1819,-34.811,-4.692,-44.800,-7.000
1820,-34.828,-4.701,-44.800,-7.000
1821,-34.846,-4.710,-44.800,-7.000
1822,-34.864,-4.719,-44.800,-7.000
1823,-34.881,-4.728,-44.800,-7.000
1824,-34.899,-4.738,-44.800,-7.000
1825,-34.916,-4.747,-44.800,-7.000
1826,-34.934,-4.756,-44.800,-7.000
1827,-34.952,-4.765,-44.800,-7.000
1828,-34.969,-4.774,-44.800,-7.000
1829,-34.987,-4.783,-44.800,-7.000
1830,-35.004,-4.793,-44.800,-7.000
1831,-35.022,-4.802,-44.800,-7.000
1832,-35.040,-4.811,-44.800,-7.000
1833,-35.057,-4.820,-44.800,-7.000
1834,-35.075,-4.829,-44.800,-7.000
1835,-35.092,-4.839,-44.800,-7.000
1836,-35.110,-4.848,-44.800,-7.000
1837,-35.128,-4.857,-44.800,-7.000
1838,-35.145,-4.866,-44.800,-7.000
1839,-35.163,-4.875,-44.800,-7.000
1840,-35.180,-4.885,-44.800,-7.000
1841,-35.198,-4.894,-44.800,-7.000
1842,-35.216,-4.903,-44.800,-7.000
1843,-35.233,-4.912,-44.800,-7.000
1844,-35.251,-4.921,-44.800,-7.000
1845,-35.268,-4.931,-44.800,-7.000
1846,-35.286,-4.940,-44.800,-7.000
1847,-35.304,-4.949,-44.800,-7.000
1848,-35.321,-4.958,-44.800,-7.000
1849,-35.339,-4.967,-44.800,-7.000
1850,-35.356,-4.976,-44.800,-7.000
1851,-35.374,-4.986,-44.800,-7.000
1852,-35.392,-4.995,-44.800,-7.000
1853,-35.409,-5.004,-44.800,-7.000
1854,-35.427,-5.013,-44.800,-7.000
1855,-35.444,-5.022,-44.800,-7.000
1856,-35.462,-5.032,-44.800,-7.000
1857,-35.480,-5.041,-44.800,-7.000
1858,-35.497,-5.050,-44.800,-7.000
1859,-35.515,-5.059,-44.800,-7.000
1860,-35.532,-5.068,-44.800,-7.000
1861,-35.549,-5.077,-44.800,-7.000
1862,-35.566,-5.086,-44.800,-7.000
1863,-35.583,-5.094,-44.800,-7.000
1864,-35.598,-5.102,-44.800,-7.000
1865,-35.614,-5.110,-44.800,-7.000
1866,-35.629,-5.118,-44.800,-7.000
1867,-35.644,-5.126,-44.800,-7.000
1868,-35.659,-5.133,-44.800,-7.000
1869,-35.675,-5.141,-44.800,-7.000
1870,-35.690,-5.148,-44.800,-7.000
1871,-35.706,-5.156,-44.800,-7.000
1872,-35.724,-5.165,-44.800,-7.000
1873,-35.740,-5.173,-44.800,-7.000
1874,-35.758,-5.182,-44.800,-7.000
1875,-35.775,-5.190,-44.800,-7.000
1876,-35.792,-5.198,-44.800,-7.000
1877,-35.809,-5.206,-44.800,-7.000
1878,-35.827,-5.215,-44.800,-7.000
1879,-35.843,-5.223,-44.800,-7.000
1880,-35.861,-5.231,-44.800,-7.000
1881,-35.877,-5.239,-44.800,-7.000
1882,-35.895,-5.248,-44.800,-7.000
1883,-35.912,-5.256,-44.800,-7.000
1884,-35.930,-5.264,-44.800,-7.000
1885,-35.946,-5.272,-44.800,-7.000
1886,-35.964,-5.280,-44.800,-7.000
1887,-35.981,-5.288,-44.800,-7.000
1888,-35.999,-5.296,-44.800,-7.000
1889,-36.015,-5.304,-44.800,-7.000
1890,-36.033,-5.312,-44.800,-7.000
1891,-36.051,-5.321,-44.800,-7.000
1892,-36.069,-5.329,-44.800,-7.000
1893,-36.087,-5.337,-44.800,-7.000
1894,-36.105,-5.346,-44.800,-7.000
1895,-36.123,-5.354,-44.800,-7.000
1896,-36.141,-5.362,-44.800,-7.000
1897,-36.159,-5.371,-44.800,-7.000
1898,-36.177,-5.379,-44.800,-7.000
1899,-36.195,-5.387,-44.800,-7.000
1900,-36.213,-5.395,-44.800,-7.000
1901,-36.231,-5.404,-44.800,-7.000
1902,-36.249,-5.412,-44.800,-7.000
1903,-36.267,-5.420,-44.800,-7.000
1904,-36.286,-5.429,-44.800,-7.000
1905,-36.304,-5.437,-44.800,-7.000
1906,-36.322,-5.445,-44.800,-7.000
1907,-36.340,-5.454,-44.800,-7.000
1908,-36.358,-5.462,-44.800,-7.000
1909,-36.376,-5.470,-44.800,-7.000
1910,-36.392,-5.478,-44.800,-7.000
1911,-36.410,-5.486,-44.800,-7.000
1912,-36.428,-5.494,-44.800,-7.000
1913,-36.446,-5.503,-44.800,-7.000
1914,-36.464,-5.511,-44.800,-7.000
1915,-36.482,-5.519,-44.800,-7.000
1916,-36.500,-5.527,-44.800,-7.000
1917,-36.518,-5.536,-44.800,-7.000
1918,-36.537,-5.544,-44.800,-7.000
1919,-36.553,-5.552,-44.800,-7.000
1920,-36.571,-5.560,-44.800,-7.000
1921,-36.589,-5.568,-44.800,-7.000
1922,-36.607,-5.576,-44.800,-7.000
1923,-36.625,-5.585,-44.800,-7.000
1924,-36.643,-5.593,-44.800,-7.000
1925,-36.661,-5.601,-44.800,-7.000
1926,-36.678,-5.609,-44.800,-7.000
1927,-36.696,-5.617,-44.800,-7.000
1928,-36.714,-5.625,-44.800,-7.000
1929,-36.732,-5.633,-44.800,-7.000
1930,-36.750,-5.641,-44.800,-7.000
1931,-36.768,-5.649,-44.800,-7.000
1932,-36.785,-5.657,-44.800,-7.000
1933,-36.803,-5.665,-44.800,-7.000
1934,-36.821,-5.673,-44.800,-7.000
1935,-36.839,-5.681,-44.800,-7.000
1936,-36.856,-5.689,-44.800,-7.000
1937,-36.874,-5.697,-44.800,-7.000
1938,-36.891,-5.704,-44.800,-7.000
1939,-36.909,-5.712,-44.800,-7.000
1940,-36.926,-5.720,-44.800,-7.000
1941,-36.944,-5.728,-44.800,-7.000
1942,-36.961,-5.735,-44.800,-7.000
1943,-36.979,-5.743,-44.800,-7.000
1944,-36.997,-5.751,-44.800,-7.000
1945,-37.015,-5.759,-44.800,-7.000
1946,-37.034,-5.767,-44.800,-7.000
1947,-37.052,-5.775,-44.800,-7.000
1948,-37.070,-5.783,-44.800,-7.000
1949,-37.088,-5.791,-44.800,-7.000
1950,-37.106,-5.799,-44.800,-7.000
1951,-37.124,-5.807,-44.800,-7.000
1952,-37.143,-5.815,-44.800,-7.000
1953,-37.161,-5.823,-44.800,-7.000
1954,-37.179,-5.831,-44.800,-7.000
1955,-37.196,-5.839,-44.800,-7.000
1956,-37.214,-5.847,-44.800,-7.000
1957,-37.232,-5.855,-44.800,-7.000
1958,-37.248,-5.862,-44.800,-7.000
1959,-37.267,-5.870,-44.800,-7.000
1960,-37.285,-5.878,-44.800,-7.000
1961,-37.303,-5.886,-44.800,-7.000
1962,-37.321,-5.894,-44.800,-7.000
1963,-37.340,-5.901,-44.800,-7.000
1964,-37.358,-5.909,-44.800,-7.000
1965,-37.376,-5.917,-44.800,-7.000
1966,-37.394,-5.925,-44.800,-7.000
1967,-37.412,-5.933,-44.800,-7.000
1968,-37.431,-5.941,-44.800,-7.000
1969,-37.449,-5.949,-44.800,-7.000
1970,-37.467,-5.957,-44.800,-7.000
1971,-37.485,-5.965,-44.800,-7.000
1972,-37.503,-5.973,-44.800,-7.000
1973,-37.522,-5.981,-44.800,-7.000
1974,-37.540,-5.989,-44.800,-7.000
1975,-37.558,-5.996,-44.800,-7.000
1976,-37.576,-6.004,-44.800,-7.000
1977,-37.594,-6.012,-44.800,-7.000
1978,-37.613,-6.020,-44.800,-7.000
1979,-37.631,-6.028,-44.800,-7.000
1980,-37.649,-6.036,-44.800,-7.000
1981,-37.667,-6.044,-44.800,-7.000
1982,-37.686,-6.052,-44.800,-7.000
1983,-37.704,-6.060,-44.800,-7.000
1984,-37.720,-6.067,-44.800,-7.000
1985,-37.739,-6.075,-44.800,-7.000
1986,-37.757,-6.083,-44.800,-7.000
1987,-37.775,-6.091,-44.800,-7.000
1988,-37.792,-6.098,-44.800,-7.000
1989,-37.810,-6.106,-44.800,-7.000
1990,-37.828,-6.114,-44.800,-7.000
1991,-37.846,-6.122,-44.800,-7.000
1992,-37.863,-6.129,-44.800,-7.000
1993,-37.882,-6.137,-44.800,-7.000
1994,-37.900,-6.144,-44.800,-7.000
1995,-37.917,-6.151,-44.800,-7.000
1996,-37.935,-6.159,-44.800,-7.000
1997,-37.952,-6.166,-44.800,-7.000
1998,-37.970,-6.174,-44.800,-7.000
1999,-37.987,-6.181,-44.800,-7.000
2000,-38.005,-6.189,-44.800,-7.000
2001,-38.022,-6.196,-44.800,-7.000
2002,-38.041,-6.203,-44.800,-7.000
2003,-38.058,-6.210,-44.800,-7.000
2004,-38.076,-6.218,-44.800,-7.000
2005,-38.093,-6.225,-44.800,-7.000
2006,-38.111,-6.233,-44.800,-7.000
2007,-38.128,-6.240,-44.800,-7.000
2008,-38.147,-6.247,-44.800,-7.000
2009,-38.164,-6.254,-44.800,-7.000
2010,-38.182,-6.262,-44.800,-7.000
2011,-38.199,-6.268,-44.800,-7.000
2012,-38.217,-6.276,-44.800,-7.000
2013,-38.234,-6.283,-44.800,-7.000
2014,-38.253,-6.290,-44.800,-7.000
2015,-38.270,-6.297,-44.800,-7.000
2016,-38.288,-6.305,-44.800,-7.000
2017,-38.305,-6.312,-44.800,-7.000
2018,-38.323,-6.319,-44.800,-7.000
2019,-38.340,-6.326,-44.800,-7.000
2020,-38.356,-6.332,-44.800,-7.000
2021,-38.372,-6.339,-44.800,-7.000
2022,-38.387,-6.345,-44.800,-7.000
2023,-38.404,-6.352,-44.800,-7.000
2024,-38.419,-6.358,-44.800,-7.000
2025,-38.436,-6.364,-44.800,-7.000
2026,-38.455,-6.371,-44.800,-7.000
2027,-38.472,-6.378,-44.800,-7.000
2028,-38.487,-6.384,-44.800,-7.000
2029,-38.504,-6.390,-44.800,-7.000
2030,-38.519,-6.396,-44.800,-7.000
2031,-38.536,-6.402,-44.800,-7.000
2032,-38.551,-6.408,-44.800,-7.000
2033,-38.568,-6.414,-44.800,-7.000
2034,-38.584,-6.420,-44.800,-7.000
2035,-38.600,-6.426,-44.800,-7.000
2036,-38.616,-6.432,-44.800,-7.000
2037,-38.633,-6.437,-44.800,-7.000
2038,-38.649,-6.443,-44.800,-7.000
2039,-38.666,-6.449,-44.800,-7.000
2040,-38.685,-6.455,-44.800,-7.000
2041,-38.702,-6.461,-44.800,-7.000
2042,-38.718,-6.466,-44.800,-7.000
2043,-38.735,-6.472,-44.800,-7.000
2044,-38.754,-6.478,-44.800,-7.000
2045,-38.771,-6.484,-44.800,-7.000
2046,-38.790,-6.489,-44.800,-7.000
2047,-38.807,-6.495,-44.800,-7.000
2048,-38.826,-6.501,-44.800,-7.000
2049,-38.844,-6.507,-44.800,-7.000
2050,-38.863,-6.512,-44.800,-7.000
2051,-38.880,-6.518,-44.800,-7.000
2052,-38.899,-6.523,-44.800,-7.000
2053,-38.917,-6.529,-44.800,-7.000
2054,-38.936,-6.534,-44.800,-7.000
2055,-38.954,-6.540,-44.800,-7.000
2056,-38.973,-6.545,-44.800,-7.000
2057,-38.991,-6.551,-44.800,-7.000
2058,-39.010,-6.556,-44.800,-7.000
2059,-39.027,-6.561,-44.800,-7.000
2060,-39.046,-6.567,-44.800,-7.000
2061,-39.064,-6.572,-44.800,-7.000
2062,-39.083,-6.578,-44.800,-7.000
2063,-39.102,-6.584,-44.800,-7.000
2064,-39.121,-6.589,-44.800,-7.000
2065,-39.139,-6.595,-44.800,-7.000
2066,-39.158,-6.600,-44.800,-7.000
2067,-39.177,-6.606,-44.800,-7.000
2068,-39.194,-6.611,-44.800,-7.000
2069,-39.213,-6.617,-44.800,-7.000
2070,-39.232,-6.622,-44.800,-7.000
2071,-39.251,-6.628,-44.800,-7.000
2072,-39.269,-6.633,-44.800,-7.000
2073,-39.288,-6.638,-44.800,-7.000
2074,-39.307,-6.644,-44.800,-7.000
2075,-39.326,-6.649,-44.800,-7.000
2076,-39.345,-6.655,-44.800,-7.000
2077,-39.364,-6.660,-44.800,-7.000
2078,-39.383,-6.666,-44.800,-7.000
2079,-39.402,-6.671,-44.800,-7.000
2080,-39.420,-6.677,-44.800,-7.000
2081,-39.439,-6.682,-44.800,-7.000
2082,-39.458,-6.688,-44.800,-7.000
2083,-39.477,-6.693,-44.800,-7.000
2084,-39.496,-6.698,-44.800,-7.000
2085,-39.515,-6.704,-44.800,-7.000
2086,-39.534,-6.709,-44.800,-7.000
2087,-39.552,-6.714,-44.800,-7.000
2088,-39.571,-6.720,-44.800,-7.000
2089,-39.588,-6.725,-44.800,-7.000
2090,-39.607,-6.730,-44.800,-7.000
2091,-39.627,-6.736,-44.800,-7.000
2092,-39.644,-6.741,-44.800,-7.000
2093,-39.663,-6.746,-44.800,-7.000
2094,-39.681,-6.751,-44.800,-7.000
2095,-39.697,-6.756,-44.800,-7.000
2096,-39.714,-6.761,-44.800,-7.000
2097,-39.734,-6.766,-44.800,-7.000
2098,-39.751,-6.771,-44.800,-7.000
2099,-39.770,-6.776,-44.800,-7.000
2100,-39.788,-6.781,-44.800,-7.000
2101,-39.807,-6.786,-44.800,-7.000
2102,-39.825,-6.791,-44.800,-7.000
2103,-39.844,-6.795,-44.800,-7.000
2104,-39.862,-6.800,-44.800,-7.000
2105,-39.881,-6.805,-44.800,-7.000
2106,-39.900,-6.810,-44.800,-7.000
2107,-39.920,-6.815,-44.800,-7.000
2108,-39.939,-6.819,-44.800,-7.000
2109,-39.958,-6.824,-44.800,-7.000
2110,-39.978,-6.829,-44.800,-7.000
2111,-39.997,-6.834,-44.800,-7.000
2112,-40.016,-6.839,-44.800,-7.000
2113,-40.035,-6.843,-44.800,-7.000
2114,-40.055,-6.848,-44.800,-7.000
2115,-40.074,-6.853,-44.800,-7.000
2116,-40.093,-6.858,-44.800,-7.000
2117,-40.112,-6.863,-44.800,-7.000
2118,-40.132,-6.867,-44.800,-7.000
2119,-40.151,-6.872,-44.800,-7.000
2120,-40.170,-6.877,-44.800,-7.000
2121,-40.189,-6.882,-44.800,-7.000
2122,-40.209,-6.887,-44.800,-7.000
2123,-40.228,-6.892,-44.800,-7.000
2124,-40.247,-6.896,-44.800,-7.000
2125,-40.267,-6.901,-44.800,-7.000
2126,-40.286,-6.906,-44.800,-7.000
2127,-40.305,-6.911,-44.800,-7.000
2128,-40.324,-6.916,-44.800,-7.000
2129,-40.344,-6.920,-44.800,-7.000
2130,-40.363,-6.925,-44.800,-7.000
2131,-40.382,-6.930,-44.800,-7.000
2132,-40.401,-6.935,-44.800,-7.000
2133,-40.421,-6.940,-44.800,-7.000
2134,-40.440,-6.944,-44.800,-7.000
2135,-40.459,-6.949,-44.800,-7.000
2136,-40.478,-6.954,-44.800,-7.000
2137,-40.498,-6.959,-44.800,-7.000
2138,-40.517,-6.964,-44.800,-7.000
2139,-40.536,-6.968,-44.800,-7.000
2140,-40.555,-6.973,-44.800,-7.000
2141,-40.575,-6.978,-44.800,-7.000
2142,-40.594,-6.983,-44.800,-7.000
2143,-40.613,-6.988,-44.800,-7.000
2144,-40.633,-6.993,-44.800,-7.000
2145,-40.652,-6.997,-44.800,-7.000
2146,-40.671,-7.002,-44.800,-7.000
2147,-40.690,-7.007,-44.800,-7.000
2148,-40.710,-7.012,-44.800,-7.000
2149,-40.729,-7.017,-44.800,-7.000
2150,-40.748,-7.021,-44.800,-7.000
2151,-40.767,-7.026,-44.800,-7.000
2152,-40.787,-7.031,-44.800,-7.000
2153,-40.806,-7.036,-44.800,-7.000
2154,-40.825,-7.041,-44.800,-7.000
2155,-40.844,-7.045,-44.800,-7.000
2156,-40.864,-7.050,-44.800,-7.000
2157,-40.883,-7.055,-44.800,-7.000
2158,-40.902,-7.060,-44.800,-7.000
2159,-40.921,-7.065,-44.800,-7.000
2160,-40.941,-7.070,-44.800,-7.000
2161,-40.960,-7.074,-44.800,-7.000
2162,-40.978,-7.079,-44.800,-7.000
2163,-40.997,-7.084,-44.800,-7.000
2164,-41.015,-7.088,-44.800,-7.000
2165,-41.035,-7.093,-44.800,-7.000
2166,-41.053,-7.097,-44.800,-7.000
2167,-41.070,-7.101,-44.800,-7.000
2168,-41.087,-7.105,-44.800,-7.000
2169,-41.103,-7.109,-44.800,-7.000
2170,-41.120,-7.113,-44.800,-7.000
2171,-41.137,-7.117,-44.800,-7.000
2172,-41.151,-7.121,-44.800,-7.000
2173,-41.168,-7.125,-44.800,-7.000
2174,-41.183,-7.129,-44.800,-7.000
2175,-41.200,-7.133,-44.800,-7.000
2176,-41.215,-7.138,-44.800,-7.000
2177,-41.231,-7.141,-44.800,-7.000
2178,-41.247,-7.145,-44.800,-7.000
2179,-41.263,-7.149,-44.800,-7.000
2180,-41.279,-7.153,-44.800,-7.000
2181,-41.296,-7.157,-44.800,-7.000
2182,-41.315,-7.160,-44.800,-7.000
2183,-41.333,-7.165,-44.800,-7.000
2184,-41.352,-7.168,-44.800,-7.000
2185,-41.370,-7.172,-44.800,-7.000
2186,-41.389,-7.176,-44.800,-7.000
2187,-41.406,-7.179,-44.800,-7.000
2188,-41.426,-7.183,-44.800,-7.000
2189,-41.444,-7.186,-44.800,-7.000
2190,-41.463,-7.189,-44.800,-7.000
2191,-41.481,-7.193,-44.800,-7.000
2192,-41.500,-7.196,-44.800,-7.000
2193,-41.520,-7.198,-44.800,-7.000
2194,-41.538,-7.201,-44.800,-7.000
2195,-41.558,-7.204,-44.800,-7.000
2196,-41.576,-7.207,-44.800,-7.000
2197,-41.595,-7.209,-44.800,-7.000
2198,-41.613,-7.212,-44.800,-7.000
2199,-41.633,-7.214,-44.800,-7.000
2200,-41.651,-7.217,-44.800,-7.000
2201,-41.670,-7.219,-44.800,-7.000
2202,-41.688,-7.222,-44.800,-7.000
2203,-41.708,-7.224,-44.800,-7.000
2204,-41.726,-7.227,-44.800,-7.000
2205,-41.746,-7.229,-44.800,-7.000
2206,-41.764,-7.232,-44.800,-7.000
2207,-41.784,-7.234,-44.800,-7.000
2208,-41.802,-7.237,-44.800,-7.000
2209,-41.821,-7.239,-44.800,-7.000
2210,-41.839,-7.241,-44.800,-7.000
2211,-41.859,-7.243,-44.800,-7.000
2212,-41.877,-7.246,-44.800,-7.000
2213,-41.897,-7.248,-44.800,-7.000
2214,-41.915,-7.250,-44.800,-7.000
2215,-41.934,-7.252,-44.800,-7.000
2216,-41.952,-7.254,-44.800,-7.000
2217,-41.972,-7.257,-44.800,-7.000
2218,-41.990,-7.259,-44.800,-7.000
2219,-42.010,-7.261,-44.800,-7.000
2220,-42.030,-7.263,-44.800,-7.000
2221,-42.049,-7.265,-44.800,-7.000
2222,-42.069,-7.267,-44.800,-7.000
2223,-42.089,-7.268,-44.800,-7.000
2224,-42.109,-7.270,-44.800,-7.000
2225,-42.128,-7.272,-44.800,-7.000
2226,-42.148,-7.274,-44.800,-7.000
2227,-42.168,-7.276,-44.800,-7.000
2228,-42.188,-7.278,-44.800,-7.000
2229,-42.207,-7.280,-44.800,-7.000
2230,-42.227,-7.282,-44.800,-7.000
2231,-42.247,-7.284,-44.800,-7.000
2232,-42.267,-7.286,-44.800,-7.000
2233,-42.286,-7.288,-44.800,-7.000
2234,-42.306,-7.290,-44.800,-7.000
2235,-42.326,-7.292,-44.800,-7.000
2236,-42.346,-7.294,-44.800,-7.000
2237,-42.365,-7.296,-44.800,-7.000
2238,-42.385,-7.298,-44.800,-7.000
2239,-42.405,-7.300,-44.800,-7.000
2240,-42.425,-7.302,-44.800,-7.000
2241,-42.444,-7.304,-44.800,-7.000
2242,-42.464,-7.306,-44.800,-7.000
2243,-42.484,-7.308,-44.800,-7.000
2244,-42.504,-7.310,-44.800,-7.000
2245,-42.523,-7.312,-44.800,-7.000
2246,-42.543,-7.314,-44.800,-7.000
2247,-42.563,-7.316,-44.800,-7.000
2248,-42.583,-7.317,-44.800,-7.000
2249,-42.602,-7.319,-44.800,-7.000
2250,-42.622,-7.321,-44.800,-7.000
2251,-42.642,-7.323,-44.800,-7.000
2252,-42.661,-7.325,-44.800,-7.000
2253,-42.681,-7.327,-44.800,-7.000
2254,-42.701,-7.329,-44.800,-7.000
2255,-42.721,-7.331,-44.800,-7.000
2256,-42.740,-7.333,-44.800,-7.000
2257,-42.760,-7.335,-44.800,-7.000
2258,-42.780,-7.337,-44.800,-7.000
2259,-42.800,-7.339,-44.800,-7.000
2260,-42.819,-7.341,-44.800,-7.000
2261,-42.839,-7.343,-44.800,-7.000
2262,-42.859,-7.345,-44.800,-7.000
2263,-42.879,-7.347,-44.800,-7.000
2264,-42.898,-7.349,-44.800,-7.000
2265,-42.918,-7.351,-44.800,-7.000
2266,-42.938,-7.353,-44.800,-7.000
2267,-42.958,-7.355,-44.800,-7.000
2268,-42.976,-7.357,-44.800,-7.000
2269,-42.995,-7.359,-44.800,-7.000
2270,-43.013,-7.361,-44.800,-7.000
2271,-43.030,-7.363,-44.800,-7.000
2272,-43.046,-7.366,-44.800,-7.000
2273,-43.062,-7.368,-44.800,-7.000
2274,-43.078,-7.371,-44.800,-7.000
2275,-43.094,-7.374,-44.800,-7.000
2276,-43.112,-7.377,-44.800,-7.000
2277,-43.132,-7.379,-44.800,-7.000
2278,-43.150,-7.381,-44.800,-7.000
2279,-43.169,-7.382,-44.800,-7.000
2280,-43.189,-7.383,-44.800,-7.000
2281,-43.207,-7.384,-44.800,-7.000
2282,-43.227,-7.384,-44.800,-7.000
2283,-43.247,-7.384,-44.800,-7.000
2284,-43.267,-7.383,-44.800,-7.000
2285,-43.287,-7.382,-44.800,-7.000
2286,-43.305,-7.381,-44.800,-7.000
2287,-43.324,-7.380,-44.800,-7.000
2288,-43.342,-7.379,-44.800,-7.000
2289,-43.362,-7.378,-44.800,-7.000
2290,-43.380,-7.377,-44.800,-7.000
2291,-43.400,-7.375,-44.800,-7.000
2292,-43.418,-7.375,-44.800,-7.000
2293,-43.438,-7.373,-44.800,-7.000
2294,-43.456,-7.372,-44.800,-7.000
2295,-43.476,-7.371,-44.800,-7.000
2296,-43.494,-7.370,-44.800,-7.000
2297,-43.513,-7.368,-44.800,-7.000
2298,-43.531,-7.367,-44.800,-7.000
2299,-43.548,-7.367,-44.800,-7.000
2300,-43.566,-7.365,-44.800,-7.000
2301,-43.582,-7.365,-44.800,-7.000
2302,-43.600,-7.363,-44.800,-7.000
2303,-43.616,-7.362,-44.800,-7.000
2304,-43.634,-7.361,-44.800,-7.000
2305,-43.650,-7.360,-44.800,-7.000
2306,-43.668,-7.358,-44.800,-7.000
2307,-43.685,-7.357,-44.800,-7.000
2308,-43.702,-7.355,-44.800,-7.000
2309,-43.719,-7.353,-44.800,-7.000
2310,-43.737,-7.351,-44.800,-7.000
2311,-43.756,-7.349,-44.800,-7.000
2312,-43.774,-7.347,-44.800,-7.000
2313,-43.794,-7.344,-44.800,-7.000
2314,-43.812,-7.342,-44.800,-7.000
2315,-43.828,-7.340,-44.800,-7.000
2316,-43.846,-7.338,-44.800,-7.000
2317,-43.865,-7.335,-44.800,-7.000
2318,-43.883,-7.332,-44.800,-7.000
2319,-43.899,-7.330,-44.800,-7.000
2320,-43.917,-7.328,-44.800,-7.000
2321,-43.937,-7.325,-44.800,-7.000
2322,-43.954,-7.322,-44.800,-7.000
2323,-43.971,-7.320,-44.800,-7.000
2324,-43.988,-7.317,-44.800,-7.000
2325,-44.004,-7.315,-44.800,-7.000
2326,-44.022,-7.312,-44.800,-7.000
2327,-44.038,-7.310,-44.800,-7.000
2328,-44.056,-7.307,-44.800,-7.000
2329,-44.072,-7.304,-44.800,-7.000
2330,-44.090,-7.301,-44.800,-7.000
2331,-44.106,-7.298,-44.800,-7.000
2332,-44.124,-7.295,-44.800,-7.000
2333,-44.140,-7.292,-44.800,-7.000
2334,-44.157,-7.289,-44.800,-7.000
2335,-44.173,-7.286,-44.800,-7.000
2336,-44.191,-7.282,-44.800,-7.000
2337,-44.207,-7.279,-44.800,-7.000
2338,-44.224,-7.275,-44.800,-7.000
2339,-44.240,-7.272,-44.800,-7.000
2340,-44.258,-7.268,-44.800,-7.000
2341,-44.274,-7.264,-44.800,-7.000
2342,-44.291,-7.260,-44.800,-7.000
2343,-44.307,-7.257,-44.800,-7.000
2344,-44.324,-7.253,-44.800,-7.000
2345,-44.340,-7.249,-44.800,-7.000
2346,-44.357,-7.245,-44.800,-7.000
2347,-44.373,-7.241,-44.800,-7.000
2348,-44.389,-7.237,-44.800,-7.000
2349,-44.406,-7.233,-44.800,-7.000
2350,-44.424,-7.228,-44.800,-7.000
